W/L,Win_Margin,Away,Home,Year,Point_Differential,RW,GF/GP,GA/GP,Total_goal_differential,PP%,PK%,Net PP%,Net PK%,Shots/GP,SA/GP,Shot_Differential,FOW%,Win% 1 Goal Game,Win% 2 Goal Game,Win% 3 Goal Game,Wins 1 Goal Game,Wins 2 Goal Game,Wins 3 Goal Game,Loss 1 Goal Game,Loss 2 Goal Game,Loss 3 Goal Game,SF GP,W% SF,W% TF,PIM,Pen Drawn/60,Pen Taken/60,Net Pen/60,Bench,Minor,Major,Match,Msct,G Msct,GF in P1,GA in P1,GF in P2,GA in P2,Wins Lead 1P,Loss Lead 1P,Ties Lead 1P,OT Loss Lead 1P,Win% Lead 1P,Wins Lead 2P,Loss Lead 2P,Ties Lead 2P,OT Loss Lead 2P,Win% Lead 2P,Wins Trail 1P,Loss Trail 1P,Ties Trail 1P,OT Loss Trail 1P,Win% Trail 1P,Wins Trail 2P,Loss Trail 2P,Ties Trail 2P,OT Loss Trail 2P,Win% Trail 2P
0,-4,TBL,FLA,2022,12,3,0.63,0.17,0.46,0.5,-1.1,-0.6,0.9,6.4,0.9,5.5,-1.9,0.117,-0.262,0.145,2,-4,9,-3,2,-4,5,0.004,0.144,-69,-0.25,-0.25,0,-6,-5,-11,0,-4,5,21,12,18,10,4,1,0,-3,0.073,6,-1,0,-3,0.107,4,-6,0,1,0.192,5,-1,0,-1,0.153
0,-3,EDM,CGY,2022,7,6,0.07,-0.55,0.62,-3.1,3.8,-1.8,2.3,1.5,-3.3,4.8,-0.2,-0.23,0.088,0.128,-7,1,7,0,-2,-4,21,-0.157,-0.015,78,0.52,0.27,0.25,2,9,12,1,-1,-1,6,-29,0,1,4,5,0,1,-0.145,5,-1,0,1,0.009,-5,-13,0,0,-0.027,-5,-9,0,2,-0.121
0,-2,TBL,NYR,2022,0,5,-0.43,-0.29,-0.14,1.3,1.7,2.3,2.5,-1.7,1,-2.7,-2,0.04,-0.203,0.056,2,-1,0,1,3,-3,2,0.06,-0.049,-226,-0.95,-0.78,-0.17,-6,-41,-12,0,-8,1,-18,-9,-9,2,-1,2,0,-4,0.051,-2,0,0,-1,0.018,1,1,0,2,-0.024,-2,2,0,0,-0.08
0,-2,STL,MIN,2022,4,-6,-0.05,0.13,-0.18,-6.5,-8,-6.3,-11.3,2.1,-0.2,2.3,-2.6,0.31,-0.102,-0.1,14,-5,-5,-2,-1,3,3,0.133,-0.066,271,0.78,1.01,-0.23,3,56,25,-1,1,2,16,5,-24,7,10,1,0,-3,0.104,-2,-3,0,0,0.061,-1,2,0,-1,-0.046,3,5,0,1,0.043
0,-1,NYR,CAR,2022,6,3,0.33,-0.05,0.38,-3.2,5.7,-3.6,3.7,4.9,-2.6,7.5,5.8,-0.055,0.073,0.1,-2,3,1,0,0,-4,8,-0.033,0.016,83,0.04,0.49,-0.45,9,35,-7,0,2,1,7,-5,10,-2,5,-2,0,4,-0.028,3,0,0,0,0.009,-4,-2,0,-2,-0.043,3,-1,0,0,0.099
0,-1,TBL,TOR,2022,5,6,0.32,0.29,0.03,3.4,1.5,3.5,4.3,3.7,0.8,2.9,5,0.096,-0.175,0.047,0,0,3,-4,3,-1,5,0.026,0.012,-199,-0.79,-0.72,-0.07,4,-44,-19,1,-3,0,13,-2,14,12,4,1,0,-1,0.023,7,0,0,-1,0.041,-4,-2,0,1,-0.101,-2,0,0,-1,-0.058
1,1,BOS,CAR,2022,9,7,0.29,-0.22,0.51,0.8,6.7,2.1,6.3,-2,-0.5,-1.5,-0.3,-0.171,0.162,0.2,-4,1,6,4,-4,-6,0,0.041,0.031,-51,-0.42,-0.2,-0.22,6,-14,-9,-1,0,2,-11,-12,4,1,1,-3,0,3,0.005,1,0,0,0,0.003,1,-4,0,0,0.089,3,-2,0,0,0.105
1,1,PIT,NYR,2022,7,7,-0.23,-0.22,-0.01,5,-2.1,7.4,-0.1,-5.5,-0.6,-4.9,-3,0.187,-0.231,0.084,8,-3,1,0,3,-4,-2,0.015,0.157,109,-0.21,0.47,-0.67,0,28,7,0,2,1,-10,3,-6,0,0,1,0,-2,0.029,-1,0,0,1,-0.028,6,1,0,-1,0.166,-1,-2,0,-1,-0.012
1,1,DAL,CGY,2022,13,13,0.71,-0.47,1.18,0.5,4.2,1.3,3.8,5.2,-2,7.2,-3.7,-0.3,0.159,0.321,-18,4,18,-2,-1,-6,9,-0.011,0.042,193,0.45,0.76,-0.31,7,40,11,1,3,0,27,-7,7,-15,6,3,0,0,-0.046,14,-3,0,0,0.117,-5,-7,0,1,-0.102,-3,-5,0,0,-0.08
1,1,LAK,EDM,2022,5,3,0.61,0.23,0.38,9.9,2.7,10.9,2.2,-0.9,3.8,-4.7,-0.9,0.13,-0.25,0.122,-2,0,7,-4,6,-2,-7,0.179,0.027,31,-0.39,0.16,-0.55,4,11,-7,-1,5,0,32,17,-2,-16,11,-3,0,-1,0.193,6,0,0,-5,0.137,1,4,0,-1,-0.001,0,2,0,-2,0
1,2,TBL,COL,2022,9,7,0.28,0.05,0.23,0.1,-0.9,0.2,-1.1,4.1,2.2,1.9,-2.8,0.072,-0.11,0.089,-2,8,-1,-4,5,-5,13,0.058,-0.055,-159,-0.07,-0.56,0.48,-2,-33,-9,0,-6,2,6,-6,8,-1,5,0,0,-3,0.103,6,0,0,-1,0.039,-4,-2,0,-1,-0.064,0,-4,0,1,0.033
1,2,STL,COL,2022,10,3,-0.01,-0.08,0.07,-3,-4.4,-2.7,-6,4.6,0.4,4.2,-2.9,0.286,0.061,-0.057,8,6,-7,-4,1,0,10,0.16,-0.092,131,0.8,0.49,0.3,2,26,11,-1,1,2,11,-10,-25,4,9,1,0,-3,0.101,2,-2,0,0,0.047,-2,0,0,-3,-0.011,2,-1,0,0,0.083
1,2,WSH,FLA,2022,22,7,0.82,0,0.82,5.6,-0.9,6.2,0.2,5.9,1.7,4.2,1.1,0.283,-0.209,0.185,7,-8,15,-6,0,-2,-8,0.119,0.299,201,0.3,0.67,-0.37,-4,43,9,0,3,5,24,13,24,-3,2,-2,0,0,0.061,13,-2,0,-3,0.162,9,-6,0,-2,0.382,6,-4,0,-4,0.226
1,4,EDM,COL,2022,15,8,0.28,-0.23,0.51,-2,0.3,-1.2,-1.5,1,-0.3,1.3,-4,0.013,0.208,0.078,1,8,-2,-1,-2,-5,19,-0.052,0.025,76,1.04,0.22,0.81,-1,5,14,0,0,0,1,-20,9,5,2,1,0,1,-0.057,4,-1,0,2,-0.014,-2,-10,0,-2,0.095,-1,-10,0,2,0.047
1,4,NSH,COL,2022,22,11,0.56,-0.22,0.78,-0.4,0.5,-0.3,2.3,5.3,-0.3,5.6,-3.9,0.06,0.175,0.184,-3,9,5,-5,0,-6,9,0.083,0.1,-293,-0.13,-0.98,0.84,-1,-41,-39,0,-1,0,8,-8,8,-10,6,-2,0,1,0.052,8,0,0,2,-0.032,2,-8,0,-1,0.186,3,-7,0,2,0.148
0,-4,CAR,NYI,2019,4,-2,-0.24,-0.37,0.13,-3.3,-1.7,-0.5,-2.2,-5.6,2.3,-7.9,-1.6,0.058,-0.024,0.025,4,-1,-1,0,0,-2,2,-0.078,0.126,26,-0.3,-0.21,-0.1,0,-28,8,0,4,0,1,-11,-15,-9,-3,3,0,2,-0.152,0,-1,0,2,-0.022,1,-5,0,-1,0.118,2,-1,0,-3,0.093
0,-4,CBJ,TBL,2019,30,12,0.77,-0.12,0.89,12.8,0,14.4,0.5,0.4,2.6,-2.2,0.9,0.144,0.258,0.179,7,3,5,-3,-4,-8,4,0.062,0.289,267,0.86,1.18,-0.32,1,88,3,1,4,2,18,3,17,-12,2,-3,0,2,0.033,7,0,0,2,-0.034,7,-12,0,0,0.333,7,-11,0,-1,0.352
0,-3,COL,CGY,2019,17,12,0.37,-0.26,0.63,-2.7,1,-3.6,5,-0.2,-3.8,3.6,4.3,0.226,-0.145,0.248,7,4,1,0,7,-12,1,0.178,0.103,-77,-0.07,-0.33,0.26,-6,-16,-7,2,1,-3,24,16,-10,-3,3,-1,0,-2,0.125,3,0,0,-3,0.094,2,5,0,-6,0.056,4,2,0,-2,0.104
0,-2,STL,SJS,2019,2,2,0.54,0.47,0.07,2.6,-0.7,1.8,1,1.2,-0.3,1.5,-1.1,0.078,-0.154,0.016,2,-1,0,-3,3,-1,-4,-0.045,0.13,126,0.32,0.25,0.06,-1,8,2,0,6,5,19,27,7,8,1,-1,0,-1,0.055,-1,1,0,0,-0.025,3,4,0,-2,0.092,3,-4,0,-3,0.12
0,-2,DAL,NSH,2019,7,2,0.33,0.15,0.18,-8.1,-0.7,-10.3,0.8,2,-1.6,3.6,-0.4,0.043,-0.021,0.097,2,-2,4,0,-1,-2,-3,0.131,0.004,55,0.58,0.18,0.4,7,2,5,0,2,-1,14,9,0,13,5,-1,0,0,0.07,5,1,0,-2,0.037,2,1,0,-2,0.059,2,0,0,2,0.046
0,-2,STL,WPG,2019,0,2,0.31,0.28,0.03,3.7,-2.3,3.9,-0.4,-0.6,4.8,-5.4,-0.7,0.128,-0.027,-0.05,3,3,-4,-1,3,0,-6,-0.06,0.185,136,0.29,0.37,-0.08,-7,25,4,1,5,2,2,13,-3,7,-3,0,0,0,-0.025,-9,3,0,2,-0.154,7,2,0,-5,0.277,4,1,0,-6,0.135
0,-1,STL,BOS,2019,8,2,0.15,-0.09,0.24,4.8,-1.6,1.8,-0.8,0.9,0.9,3.55E-15,-0.7,0.098,-0.166,0.081,5,-2,1,-2,2,-4,-2,-0.011,0.152,174,0.48,0.5,-0.02,-7,30,12,0,4,3,-17,-2,14,-5,0,0,0,-2,0.048,-4,1,0,1,-0.059,3,3,0,-2,0.103,1,-5,0,-4,0.065
0,-1,CAR,WSH,2019,5,0,0.38,0.32,0.06,3,-2.7,4,-4.1,-4,2.9,-6.9,-3.3,0.058,0.1,-0.055,4,2,-4,-1,-2,0,-1,-0.005,0.067,112,-0.14,0.29,-0.45,3,10,8,1,2,2,17,-1,20,13,2,6,0,0,-0.132,3,0,0,-1,0.03,1,-7,0,4,0.068,1,-3,0,3,0.033
1,1,DAL,STL,2019,6,0,0.43,0.24,0.19,0.1,-1.3,-2,-0.9,1.1,-3,4.1,-0.5,-0.015,0.033,0.059,-1,-4,7,-2,-4,2,5,0.006,-0.017,-8,0.24,-0.11,0.35,6,-16,2,0,1,-1,44,3,-7,10,8,2,0,2,-0.052,5,1,0,0,-0.012,-4,-7,0,1,-0.083,-2,3,0,3,-0.083
1,1,COL,SJS,2019,11,5,0.37,0.17,0.2,1.7,2.1,-0.4,2.6,0.4,-3.6,4,2.2,0.273,-0.238,0.073,9,-2,1,-3,4,-4,4,0.005,0.157,-23,-0.39,-0.32,-0.08,-2,-27,-5,0,6,1,43,20,-7,6,8,2,0,-2,0.063,6,2,0,-1,-0.003,-2,-1,0,-3,-0.017,1,-1,0,-2,0.047
1,1,TOR,BOS,2019,7,-2,-0.36,-0.45,0.09,4.1,0,2.4,0.4,-0.7,-3.6,2.9,-2.3,0.103,-0.25,0.131,9,-11,5,1,-1,-4,4,0.001,0.042,294,0.98,1.09,-0.11,-4,69,20,0,5,2,-10,-14,-7,-16,1,2,0,-1,-0.022,-5,3,0,2,-0.135,-3,-1,0,0,-0.072,0,-6,0,-2,0.033
1,1,VGK,SJS,2019,8,2,0.52,0.37,0.15,6.9,-0.1,3.9,-1.1,-1.3,-1,-0.3,-0.1,0.048,-0.134,0.096,1,-3,5,-4,1,-2,2,0.062,-0.005,166,0.52,0.42,0.09,8,8,10,0,5,4,28,15,-2,2,6,-2,0,-1,0.123,6,3,0,-1,-0.031,-5,-1,0,2,-0.143,0,-5,0,3,0.013
1,2,CBJ,BOS,2019,9,1,0.01,-0.23,0.24,10.5,-5.1,7.2,-6.2,1.1,0,1.1,0.4,-0.047,0.06,0.066,4,0,-2,0,-2,-5,4,-0.047,0.067,285,0.8,1.03,-0.23,0,64,15,0,5,3,-18,-25,10,-2,-4,1,0,1,-0.073,-1,1,0,3,-0.103,-2,-8,0,3,-0.006,1,-5,0,1,0.053
1,4,CAR,BOS,2019,8,-1,0.17,-0.11,0.28,8.1,-1.7,5.3,-2.1,-1.7,0.9,-2.6,1.7,0.047,-0.133,0.088,6,-6,3,0,-2,-3,3,-0.028,0.084,179,0.26,0.36,-0.11,0,6,19,0,4,3,-4,-11,10,1,0,4,0,-2,-0.056,-3,0,0,1,-0.034,0,-3,0,2,0.011,0,-2,0,-1,0.015
1,4,PIT,NYI,2019,3,0,-0.58,-0.57,-0.01,-10.1,0.2,-3.9,-2.4,-4.5,-2.4,-2.1,-3.2,0.142,-0.074,0.03,5,1,-2,1,3,-3,-2,0.093,0.002,-31,-0.04,-0.07,0.02,0,-2,-1,-2,1,-2,-15,-14,-36,-23,-2,-1,0,2,-0.04,-2,2,0,1,-0.073,-1,-3,0,-4,0.072,2,-2,0,-2,0.093
0,-4,SJS,ANA,2018,1,0,-0.19,-0.21,0.02,-2.8,-1.6,-3.6,-1.5,-2.8,2.8,-5.6,0,-0.119,0.202,-0.066,-6,3,3,0,-6,5,0,0.05,-0.048,54,-0.12,0.59,-0.71,1,55,-2,0,-1,-4,-9,-19,-7,-2,-1,-1,0,0,0.024,1,1,0,2,-0.071,-1,0,0,0,-0.025,-3,-4,0,2,-0.089
0,-3,WSH,VGK,2018,4,1,0.15,-0.16,0.31,-1.5,1.1,-0.3,3,3.8,-1.2,5,-1.5,-0.027,-0.047,0.156,2,-7,7,3,-2,-3,4,0.018,-0.007,-240,-0.33,-0.83,0.49,-3,-43,-14,0,-8,0,2,-4,7,0,-7,5,0,1,-0.216,-5,2,0,-1,-0.039,-1,-3,0,4,-0.045,3,-1,0,0,0.11
0,-3,VGK,WPG,2018,5,4,0.06,-0.11,0.17,2.4,0.4,1.8,0.2,-0.6,1.2,-1.8,3.5,0.032,-0.084,0.02,0,-1,2,-5,1,0,6,-0.042,0.014,137,0.45,0.62,-0.17,8,38,1,0,4,0,14,1,0,3,9,-3,0,0,0.132,11,-2,0,-1,0.094,2,-2,0,-4,0.171,-3,-1,0,1,-0.104
0,-1,WSH,TBL,2018,8,4,0.42,-0.05,0.47,1.4,-4.2,3.5,-2.3,3.7,0.8,2.9,-2.2,0.07,-0.067,0.145,3,-4,6,0,0,-3,6,0.026,0.04,-47,0.45,0.01,0.43,-3,12,-3,0,-5,0,3,5,24,2,-5,4,0,0,-0.145,0,0,0,-1,0.023,1,-1,0,3,0.002,6,2,0,-1,0.17
0,-1,WPG,NSH,2018,3,-1,-0.15,-0.14,-0.01,-2.1,0.1,-1.4,0.3,0,0.5,-0.5,0.9,0.004,0.101,-0.009,2,6,-7,0,1,-3,4,0.017,-0.042,231,0.28,0.65,-0.37,-1,31,15,0,6,5,-20,-18,4,0,-7,2,0,2,-0.14,-5,1,0,3,-0.095,0,0,0,2,-0.044,2,-1,0,2,0.064
1,1,TOR,BOS,2018,7,4,-0.03,-0.23,0.2,-1.4,2.3,-3.1,4.3,0.8,-4.6,5.4,-1,-0.075,0.166,0.019,-4,3,2,-3,-3,0,-13,0.004,0.154,208,0.69,0.57,0.12,-4,27,16,1,5,2,-12,10,4,-14,-7,-4,0,2,0.019,2,-3,0,2,0.031,3,-1,0,4,0.069,1,-3,0,3,0.029
1,2,PIT,WSH,2018,5,5,-0.17,-0.12,-0.05,-3.7,0.3,-5.7,-0.5,-5.4,0.8,-6.2,0.1,0.092,0.047,-0.1,1,5,-4,-6,1,2,-10,0.109,0.022,25,-0.17,0.03,-0.19,2,-5,7,0,1,-2,1,-9,5,-24,5,-2,0,-2,0.145,12,1,0,1,-0.023,0,-1,0,-1,0.026,-3,-5,0,-1,-0.058
1,2,SJS,VGK,2018,9,4,0.26,-0.02,0.28,0.4,-3.4,-0.5,-3.6,-0.2,0.4,-0.6,-2.4,0.016,0.25,0.002,4,-2,4,5,-10,2,1,0.129,0.01,-70,-0.17,0.01,-0.18,-2,16,-6,0,-3,-4,-1,-9,5,2,-4,3,0,-1,-0.083,1,2,0,0,-0.048,-4,1,0,0,-0.127,1,-4,0,-1,0.068
1,2,CBJ,WSH,2018,8,8,0.24,0.14,0.1,5.3,4.1,5.2,3.8,-4.7,0.6,-5.3,2,0.011,0.302,-0.022,-5,8,2,-2,-4,3,-2,0.119,0.027,106,0.05,0.37,-0.31,-2,22,6,0,4,0,6,-2,-11,-21,11,-4,0,-1,0.227,4,1,0,1,-0.041,-2,-2,0,-3,0.008,-5,-6,0,0,-0.105
1,2,PHI,PIT,2018,2,2,0.25,0.14,0.11,5.5,4.2,8.1,5.2,2.3,1.2,1.1,-3,0.09,0.122,-0.104,5,-2,-1,1,-5,4,15,-0.079,0,40,0.36,0.19,0.17,3,15,-8,0,6,-1,23,0,3,39,5,-1,0,0,0.071,-3,-2,0,1,0.023,-5,-5,0,-3,-0.032,0,1,0,-1,0
1,2,COL,NSH,2018,22,7,0.07,-0.39,0.46,-0.7,-1.4,1.8,-0.6,2.5,-0.9,3.4,9.1,0.192,0.142,0.073,13,0,-3,-2,-5,-5,4,0.038,0.187,197,-0.11,0.58,-0.69,0,30,11,0,7,3,9,-3,1,-18,1,1,0,2,-0.073,2,0,0,1,-0.015,6,-5,0,-1,0.3,3,-11,0,1,0.137
1,3,BOS,TBL,2018,1,1,0.28,0.28,0,0.3,-7.6,3.1,-7.9,-0.3,3.4,-3.7,-2.6,0.093,0.203,-0.105,2,3,-1,3,-4,4,6,0.053,-0.005,-25,0.29,0.28,0.01,0,37,-9,-1,-2,-2,0,-1,24,6,-1,3,0,-2,-0.036,3,1,0,-2,0.031,1,0,0,-2,0.051,3,3,0,-4,0.086
1,3,NJD,TBL,2018,16,9,0.58,-0.08,0.66,2.5,-5.7,3.7,-6.9,1,0.8,0.2,1.2,0.054,0.218,0.103,0,2,7,-1,-6,0,-3,0.185,0.045,188,0.88,1.03,-0.14,-7,83,8,-1,2,-1,6,16,32,-9,1,0,0,-2,0.062,6,-2,0,-1,0.09,2,0,0,3,0.02,4,-4,0,-2,0.144
1,3,MIN,WPG,2018,13,5,0.28,-0.16,0.44,3,0.5,2.9,1.2,2,0.6,1.4,2.6,0.097,0.083,0.067,4,-5,9,0,-7,2,6,0.055,0.088,-121,0.46,-0.33,0.79,5,-13,-21,0,0,0,24,10,19,8,7,-1,0,-4,0.163,10,-2,0,-5,0.175,3,-7,0,-2,0.236,-2,-3,0,-2,-0.036
1,4,LAK,VGK,2018,11,5,0.38,0.28,0.1,0.6,-3.6,0.2,-2.1,1.8,-0.2,2,-0.8,0.127,-0.055,0.201,3,-5,11,0,-1,-1,5,0.162,0.024,-119,-0.53,-0.2,-0.34,-1,2,-13,0,-3,-2,17,-3,-2,-14,9,4,0,-3,0.083,2,2,0,-3,0.032,-1,-3,0,-2,0.023,2,-2,0,-2,0.092
0,-4,NSH,CHI,2017,15,2,0.03,-0.09,0.12,-0.9,-3.2,-1.6,-7.7,-0.6,1.3,-1.9,-3.9,-0.119,0.276,0.103,4,3,-2,4,-8,-6,12,0.029,-0.003,-372,-0.94,-1.51,0.57,1,-97,-22,0,-3,-4,8,-13,-8,4,3,0,0,2,-0.033,-3,2,0,2,-0.114,-5,-9,0,1,-0.02,3,-10,0,1,0.138
0,-3,STL,MIN,2017,7,4,0.37,-0.12,0.49,-0.3,-1.8,0.4,-0.6,2.4,1.7,0.7,1.7,-0.119,0.126,0.237,0,3,0,7,-2,-9,3,0.04,0.007,-65,-0.08,-0.5,0.41,-6,-41,5,0,0,1,18,-4,13,-3,7,0,0,0,0.049,4,1,0,1,-0.033,-2,-3,0,1,-0.027,-1,-6,0,2,-0.011
0,-2,NSH,ANA,2017,11,5,-0.22,-0.28,0.06,-0.2,3.8,-0.7,2,-1.6,-0.5,-1.1,3.3,-0.19,0.301,0.067,2,0,-1,4,-10,-4,7,0.022,-0.058,-22,-0.07,-0.08,0,-3,-8,10,1,-3,-3,2,-12,1,1,0,2,0,2,-0.102,0,2,0,1,-0.079,-8,-11,0,4,-0.142,-2,-8,0,5,-0.05
0,-2,NSH,STL,2017,5,3,-0.06,-0.05,-0.01,2.4,3.9,2.6,0,-2.8,-1.7,-1.1,-1.1,-0.096,0.083,0.048,-1,0,2,1,-4,-1,7,-0.022,-0.004,-222,-0.68,-0.69,0.02,6,-38,-20,0,-2,-4,-9,-11,3,7,-3,0,0,1,-0.052,-4,2,0,1,-0.092,-3,-6,0,0,0.007,0,-6,0,-1,0.033
0,-2,NYR,MTL,2017,1,-7,-0.37,-0.22,-0.15,-0.5,1.3,-1,-0.8,0.3,-0.5,0.8,1.9,-0.029,0.017,-0.025,0,-1,0,-1,-2,1,-1,0.083,-0.118,166,0.03,0.51,-0.48,-1,33,4,1,3,3,-7,-5,-17,-8,1,-3,0,1,0.067,-1,-3,0,3,-0.004,-2,7,0,2,-0.191,6,1,0,1,0.129
0,-1,PIT,WSH,2017,7,5,-0.21,-0.63,0.42,0,4,1.5,4,-3.1,-4.8,1.7,2.2,0.03,-0.016,0.118,1,6,-2,2,3,-7,11,0.155,-0.196,47,-0.12,0.26,-0.37,-3,21,3,0,0,-1,13,-28,-27,-13,13,0,0,2,0.032,4,0,0,0,0.004,-7,-3,0,0,-0.113,-5,-2,0,1,-0.15
1,1,OTT,PIT,2017,13,6,0.88,0.23,0.65,6.1,0.1,4.6,-0.8,3.5,2.5,1,-3.4,0.051,-0.022,0.198,-2,-6,14,-6,-2,1,9,-0.125,0.23,-145,-0.41,-0.4,-0.03,-3,-8,-21,0,-2,1,4,9,30,7,3,-1,0,1,0.028,8,-1,0,-1,0.07,7,-4,0,-1,0.269,3,-4,0,1,0.107
1,1,EDM,ANA,2017,2,3,-0.28,-0.12,-0.16,-4.2,4,-4.9,5.4,-1.5,0.1,-1.6,7.7,-0.053,0.242,-0.108,1,0,-2,1,-7,3,4,-0.023,-0.039,196,0.35,0.9,-0.56,-2,64,10,0,1,1,-3,-9,-9,1,5,2,0,1,-0.031,4,0,0,1,-0.014,-5,-6,0,4,-0.135,-5,2,0,4,-0.188
1,2,NSH,PIT,2017,4,1,0.02,-0.14,0.16,2.6,3.9,3.4,4.8,2.2,0.2,2,5,0.081,-0.167,0.065,0,-3,5,-5,3,0,5,-0.074,0.078,-51,0.63,-0.34,0.97,7,-29,-15,0,3,4,25,19,14,6,11,-4,0,-3,0.246,9,-4,0,-5,0.223,7,-8,0,-2,0.363,-3,1,0,-1,-0.104
1,2,NSH,PIT,2017,17,5,0.49,0.11,0.38,4.2,-1.1,3.8,-4.2,2.3,2.5,-0.2,-3.8,-0.114,0.309,0.082,-1,-2,8,-2,-11,1,9,-0.073,0.162,-253,-0.33,-0.75,0.41,1,-32,-23,0,-4,-3,1,-3,24,7,-2,0,0,1,-0.043,4,1,0,0,-0.022,1,-10,0,-1,0.189,4,-11,0,2,0.165
1,2,NYR,OTT,2017,-4,-6,-0.58,-0.07,-0.51,-3.2,-0.1,-2.2,-1.4,0.3,0,0.3,2.6,-0.065,0.31,-0.275,-2,6,-8,-1,-5,6,-7,0.096,-0.145,255,0.85,0.98,-0.12,5,55,17,0,4,1,1,-2,-13,-5,-2,0,0,-1,0.009,2,-2,0,2,0.008,-3,4,0,1,-0.177,0,1,0,0,-0.006
1,2,BOS,OTT,2017,3,-4,-0.32,0.01,-0.33,-4.7,-6,-3.5,-6.9,-3.2,3.3,-6.5,-2.2,0.011,0.347,-0.238,2,7,-9,-2,-5,4,-8,0.067,0.008,17,0.33,0.03,0.32,5,-4,3,0,1,-1,-9,4,-13,-7,-5,1,0,-3,0.008,-5,2,0,0,-0.065,2,3,0,0,0.038,2,-3,0,0,0.076
1,2,TOR,WSH,2017,23,12,0.13,-0.69,0.82,-0.7,1.3,1,0.8,-1.5,-4.8,3.3,-0.1,0.228,-0.066,0.25,6,1,8,-3,2,-7,13,0.149,0.078,-49,-0.15,0.15,-0.3,-3,29,-11,0,-1,-3,-5,-32,-13,-8,9,3,0,-5,0.096,10,0,0,-8,0.197,3,-10,0,-2,0.299,0,-8,0,3,0.025
1,2,SJS,EDM,2017,4,-1,0.29,0.08,0.21,6.2,0,6.6,-1.5,1.2,1.8,-0.6,-1.1,0.078,-0.315,0.148,2,-4,3,-6,7,-4,-6,0.011,0.076,96,0.15,0.41,-0.25,-3,28,12,0,0,-1,-1,14,18,11,-8,1,0,1,-0.117,-4,-1,0,-1,0.038,4,3,0,-1,0.096,6,-5,0,2,0.217
1,3,CBJ,PIT,2017,3,1,0.38,0.44,-0.06,3.2,-2.7,1.4,-5.3,2.5,2.2,0.3,-1,0.001,0.121,-0.081,-4,-4,8,-6,-5,8,-3,-0.062,0.102,-11,0.27,0.16,0.09,5,19,-9,0,-1,1,-11,17,20,6,-7,-4,0,1,0.021,4,0,0,-2,0.057,8,-2,0,-1,0.279,4,-2,0,1,0.126
1,4,CGY,ANA,2017,11,8,-0.03,-0.27,0.24,-1.5,3.1,-2.4,3.4,0.5,0.9,-0.4,5.8,0.095,0.025,0.1,7,-5,3,-1,-3,-2,1,0.119,-0.017,286,0.68,1.11,-0.44,0,61,28,1,0,2,3,-12,-2,-4,2,2,0,-1,-0.005,3,2,0,-3,0.035,0,-8,0,4,0.037,-2,-3,0,4,-0.067
0,-3,SJS,LAK,2016,4,-3,-0.17,-0.18,0.01,-2.6,0.9,-1.3,0.1,1.6,0.1,1.5,-0.2,0.066,-0.038,-0.013,10,-4,-4,3,-3,-2,1,-0.132,0.192,139,-0.46,0.67,-1.13,-5,57,1,2,-2,3,-5,-10,9,4,-8,2,0,1,-0.154,3,5,0,-1,-0.095,0,-6,0,0,0.088,2,-3,0,-2,0.101
0,-2,SJS,STL,2016,9,-1,-0.22,-0.12,-0.1,-1.1,4.7,-0.6,3.5,-0.2,2.3,-2.5,0.6,0.11,0.05,-0.071,8,1,-6,-4,-1,-1,1,-0.087,0.165,134,-0.37,0.7,-1.07,-3,62,-2,0,1,2,-6,-2,-1,4,-9,-3,0,3,-0.062,0,1,0,3,-0.109,3,-4,0,0,0.137,1,0,0,0,0.026
0,-2,PIT,WSH,2016,16,7,0.08,-0.1,0.18,3.5,0.8,3.4,-2.8,-2.6,-1.3,-1.3,-0.6,0.091,0.186,0.067,6,2,0,-2,-3,-3,1,0.084,0.1,60,-0.05,-0.02,-0.03,4,-23,14,1,2,0,-1,-8,-19,-5,1,-2,0,1,0.046,-2,0,0,1,-0.026,2,-7,0,1,0.135,2,-10,0,0,0.151
0,-2,NYI,FLA,2016,3,5,0.06,-0.13,0.19,-1.4,-5,-0.6,-6.2,-0.6,-0.9,0.3,0,0.032,-0.278,0.207,0,-4,6,-1,6,-6,7,0.043,-0.066,131,0.68,0.61,0.07,-2,44,5,0,3,0,3,-8,13,-11,4,1,0,0,-0.007,4,2,0,3,-0.093,-6,2,0,-1,-0.183,-4,-2,0,-4,-0.08
0,-1,STL,DAL,2016,2,6,0.56,0.38,0.18,0.6,-2.9,-3,-0.3,1.8,-0.8,2.6,-1.1,-0.082,0.15,0.044,-6,3,4,1,-3,1,-3,0.029,0.016,-142,0.09,-0.52,0.61,2,-38,-6,0,-3,-1,14,9,16,8,8,2,0,-1,0.028,5,-1,0,-3,0.119,-1,0,0,-1,-0.008,-1,-1,0,1,-0.026
0,-1,NSH,ANA,2016,7,4,-0.11,-0.31,0.2,3.4,6,3,5.6,-0.3,0.2,-0.5,3.2,0.023,0.183,0.019,0,5,0,1,-2,-1,6,0.023,0.063,213,0.19,0.89,-0.7,1,57,13,-1,2,2,5,-16,-8,15,0,0,0,0,0,4,-1,0,1,0.018,-2,-4,0,-1,-0.011,0,-3,0,-3,0.039
1,1,TBL,PIT,2016,7,2,0.21,0.02,0.19,2.6,0.3,3.2,1.9,3.9,0.8,3.1,0.7,-0.015,0.171,-0.04,0,0,2,-2,-6,3,-7,0.016,0.111,-116,-0.5,-0.22,-0.28,-4,6,-14,0,-4,-1,1,20,24,-9,1,-3,0,0,0.117,4,-3,0,0,0.079,4,0,0,1,0.095,3,1,0,3,0.08
1,1,NSH,SJS,2016,2,2,0.16,-0.08,0.24,2.9,-0.7,1.1,-1,-0.2,0.1,-0.3,2,0.109,-0.192,0.113,-1,1,5,-1,6,-2,-2,0.17,-0.042,-83,0.13,-0.29,0.42,2,-22,1,-1,-3,-1,0,5,2,-2,2,0,0,-6,0.165,2,-1,0,-2,0.094,1,1,0,0,0.019,1,-1,0,-2,0.046
1,1,CHI,STL,2016,4,0,-0.18,-0.12,-0.06,-1.1,4.9,-2,2,-0.3,-1.1,0.8,2,0.143,-0.097,-0.052,8,0,-6,-3,3,-2,-9,-0.047,0.24,250,0.14,0.98,-0.84,-8,71,16,-1,4,2,-12,-8,-3,11,-12,0,0,0,-0.075,-9,1,0,1,-0.078,7,-3,0,1,0.259,4,-1,0,3,0.108
1,2,SJS,PIT,2016,6,1,0.05,-0.09,0.14,-4.2,3.9,-3.5,5.6,2.8,2.3,0.5,-0.5,0.02,0.1,-0.013,4,-1,-1,0,-4,0,-6,-0.003,0.118,-34,-0.23,0.31,-0.54,-7,57,-22,0,-2,0,-8,8,31,-2,-5,-2,0,0,0.047,11,0,0,-2,0.067,3,0,0,1,0.065,-1,1,0,1,-0.04
1,2,PHI,WSH,2016,24,17,0.45,-0.23,0.68,3,4.7,3.8,4.2,-0.4,-2.3,1.9,-1.4,0.159,0.23,0.212,6,1,8,-1,-5,-3,0,0.237,0.136,-213,-0.71,-0.48,-0.23,2,-25,-7,-2,-9,-1,5,-3,13,-12,8,-3,0,0,0.19,9,-1,0,-1,0.071,8,-6,0,-2,0.32,2,-12,0,-2,0.171
1,2,MIN,DAL,2016,22,8,0.63,0.29,0.34,3.6,4.4,0.2,4.9,3,0.3,2.7,-2.3,0.198,0.233,-0.05,2,7,3,-12,-2,4,-5,0.039,0.324,174,0.13,0.72,-0.59,-1,45,12,0,1,2,9,10,15,3,3,-2,0,-1,0.104,9,-2,0,1,0.054,6,-6,0,0,0.273,4,-5,0,-1,0.142
1,3,NYI,TBL,2016,-3,2,-0.04,-0.16,0.12,-2.5,-0.4,-2.4,-0.7,-0.1,-1.5,1.4,-0.6,0.015,-0.071,0.088,0,1,0,4,4,-4,3,0.088,-0.101,91,0.79,0.45,0.34,-5,38,-1,0,3,0,-7,-11,10,-2,-3,3,0,-2,-0.054,6,1,0,-2,0.042,-4,2,0,-2,-0.107,-5,-2,0,-5,-0.113
1,3,DET,TBL,2016,4,6,0.18,-0.26,0.44,-3,2.5,-4,4.5,-0.4,-0.8,0.4,-1,0.009,-0.042,0.307,-6,1,10,1,3,-3,-1,0.062,0.073,85,0.44,0.02,0.41,-5,-15,15,0,3,2,4,-13,9,8,2,2,0,-1,-0.018,13,1,0,-7,0.211,0,-3,0,-1,0.036,-5,-2,0,0,-0.146
1,3,NYR,PIT,2016,3,-1,0.1,-0.19,0.29,-0.2,6.2,0.1,9.3,4.7,-0.7,5.4,1,0.012,0,0.052,1,0,1,1,0,-2,-6,0.044,0.067,-11,0.48,0.22,0.26,0,29,-7,-1,-2,0,-10,15,35,-6,-5,-1,0,-3,0.103,11,-2,0,-2,0.125,1,4,0,1,-0.046,1,1,0,2,0.013
0,-2,CHI,TBL,2015,6,7,0.48,0.24,0.24,1.2,0.3,1.8,1.6,-4.3,-2.3,-2,-2.4,-0.009,-0.064,0.095,-3,7,-2,-4,5,-5,0,0,0.056,216,0.64,1,-0.36,-4,74,8,0,4,0,-1,-3,23,18,-1,-1,0,3,-0.064,8,0,0,2,-0.057,1,-5,0,0,0.117,-3,3,0,0,-0.116
0,-2,TBL,MTL,2015,2,-6,-0.55,-0.27,-0.28,-2.3,0,-1.9,0,-1.1,2.2,-3.3,2.4,0.028,0.101,-0.115,1,0,-1,-3,-3,4,-7,0.06,0.002,21,-0.63,-0.11,-0.52,-3,-11,5,0,-2,4,-29,-3,-6,-16,-10,1,0,0,-0.119,-1,2,0,1,-0.078,3,7,0,2,-0.066,3,-2,0,-1,0.116
0,-2,MIN,STL,2015,9,-1,0.14,-0.01,0.15,6.4,-2.6,5.7,-3.6,0.1,-0.4,0.5,3.5,0.153,0.007,0.052,5,-2,5,0,-2,1,5,0.173,-0.022,180,0.01,0.29,-0.28,-4,-5,24,0,6,2,-3,-10,12,8,6,2,0,1,-0.074,6,1,0,0,0.003,-2,5,0,-2,-0.102,-4,-4,0,-1,-0.041
0,-2,CHI,NSH,2015,2,-3,0.08,0.19,-0.11,-1.4,-2.6,-0.6,-2.3,-2,-1.9,-0.1,-3.2,0.101,-0.367,-0.013,8,-2,-7,-6,7,-4,-8,-0.05,0.094,107,0.06,0.37,-0.31,-8,34,1,0,5,0,-9,-6,11,8,-6,0,0,4,-0.156,2,3,0,5,-0.229,-1,3,0,1,-0.073,0,2,0,0,-0.017
0,-2,CGY,VAN,2015,4,4,-0.01,0.08,-0.09,0.5,5,0.8,4.1,2.4,0.6,1.8,-0.8,0.13,-0.258,0.008,7,-4,-1,-4,3,-1,13,-0.102,0.11,74,0.06,0.34,-0.29,0,33,-8,0,5,0,21,-11,-2,6,4,6,0,2,-0.222,1,2,0,3,-0.142,-5,-5,0,-1,-0.012,-5,-2,0,-4,-0.077
0,-1,TBL,NYR,2015,5,0,-0.14,-0.23,0.09,-2,0.6,-2.5,1.7,1.9,1.6,0.3,-3,0.104,0.031,-0.053,5,-4,2,-2,-3,3,3,0.076,-0.053,-100,-0.99,-0.61,-0.38,-1,-47,-2,1,-2,1,11,-4,-9,-14,4,0,0,0,0.02,3,0,0,-1,0.03,0,-3,0,0,0.079,3,-7,0,-1,0.171
0,-1,CHI,ANA,2015,7,-1,0.1,0.43,-0.33,-1.9,-2.4,-1.7,-0.5,-3.9,-1.3,-2.6,-0.4,0.268,-0.283,-0.165,11,-2,-6,-12,4,4,1,0.005,0.068,291,0.02,1.09,-1.07,-8,72,21,0,6,0,-13,-10,14,36,0,0,0,3,-0.084,5,0,0,2,-0.062,0,-1,0,0,0.014,6,5,0,-2,0.112
1,1,WSH,NYR,2015,12,8,0.13,-0.15,0.28,-8.5,3.1,-9.4,5.4,2,0.6,1.4,-4.6,-0.078,0.292,0.084,2,4,-1,3,-5,-5,14,0.066,-0.083,-180,-0.46,-0.8,0.34,-8,-45,-10,1,-4,0,33,-10,-21,-13,12,-2,0,2,0.08,6,-1,0,-2,0.091,-1,-9,0,-1,0.167,1,-9,0,0,0.114
1,1,DET,TBL,2015,8,11,0.34,-0.06,0.4,-5,2.8,-4.4,4.5,0,-0.4,0.4,-1.8,0.016,0.057,0.072,-2,3,3,-3,0,-1,1,-0.017,0.12,84,0.59,0.53,0.06,2,43,-2,0,3,-2,8,7,12,3,-2,-1,0,1,-0.011,5,-2,0,0,0.068,3,-4,0,-2,0.194,-5,0,0,-1,-0.135
1,1,NYI,WSH,2015,0,1,-0.1,-0.3,0.2,6.6,3.2,6,0.1,-4.3,0.6,-4.9,2.1,0.253,-0.181,-0.207,1,-4,6,-10,2,11,-8,-0.089,0.242,35,-0.16,0.03,-0.19,11,-15,1,0,2,2,-16,4,8,7,-9,2,0,-1,-0.094,-5,-1,0,0,0.007,5,2,0,-3,0.159,3,5,0,-2,0.085
1,2,OTT,MTL,2015,11,7,-0.22,-0.3,0.08,-0.3,0.8,0.9,1.2,-2.5,-2,-0.5,3.9,0.099,0.174,-0.057,-1,5,3,-6,-2,4,-7,0.234,-0.025,-6,-0.55,-0.01,-0.54,-3,4,-4,-1,-2,4,-13,2,-3,-17,-1,-2,0,1,0.018,9,0,0,0,0.044,0,11,0,0,-0.195,-3,2,0,-3,-0.069
1,3,CGY,ANA,2015,12,3,-0.11,0.1,-0.21,-3.1,0.3,-4.5,0.4,2.5,-0.3,2.8,4.2,0.33,-0.226,-0.159,14,-4,-4,-13,2,5,11,0.072,-0.006,261,-0.08,1.18,-1.26,-4,88,11,0,5,-1,7,-19,-1,26,10,1,0,3,-0.076,6,-1,0,1,0.015,-6,0,0,-2,-0.115,2,3,0,-4,0.049
1,3,PIT,NYR,2015,15,10,0.37,-0.21,0.58,-2.5,-0.5,-0.8,1.1,-0.1,0.2,-0.3,-2.4,0.117,0.096,0.155,7,-2,5,3,-4,-4,0,0.164,0.061,-411,-1.17,-1.46,0.29,-4,-90,-13,1,-15,-2,7,-1,6,1,4,-3,0,-1,0.118,6,-2,0,-1,0.091,4,-9,0,-4,0.34,6,-4,0,-4,0.286
1,4,MIN,CHI,2015,2,-2,-0.09,-0.14,0.05,1.7,-2.9,0.3,-3.2,3.1,2.6,0.5,2.2,0.049,0.174,0.022,2,-3,6,6,-6,3,5,0.151,-0.078,-128,-0.4,-0.95,0.55,2,-92,8,0,0,1,15,-3,-24,-5,11,1,0,0,0.015,-1,-1,0,-4,0.161,-3,4,0,-1,-0.131,-5,-1,0,-1,-0.102
1,4,WPG,ANA,2015,10,3,0.06,0.21,-0.15,-2.1,-0.8,-2.8,-0.8,0.3,0.2,0.1,2.8,0.318,-0.171,-0.09,14,-5,-1,-6,0,4,-3,0.106,0.116,-181,-0.72,-0.88,0.15,-2,-70,3,0,-4,-1,-13,-4,-5,27,3,-2,0,-3,0.137,0,-2,0,-4,0.149,2,2,0,0,0.04,11,3,0,-4,0.303
0,-4,MTL,TBL,2014,1,-1,0.28,0.1,0.18,1.3,-4.4,1.3,-2.8,1.4,-1.8,3.2,-0.4,-0.037,0.062,-0.02,-2,4,-2,0,0,-1,-2,-0.078,0.116,-219,-0.64,-0.71,0.06,3,-40,-11,0,-7,-2,-6,2,30,8,-5,1,0,1,-0.101,-7,3,0,-1,-0.073,-2,4,0,-3,-0.086,2,-4,0,-3,0.095
0,-2,NYR,MTL,2014,0,-1,0.14,0.4,-0.26,2.1,2,1.3,2.4,-3.2,4.8,-8,-3.2,0.049,0.109,-0.18,1,0,-1,-3,-3,6,-7,0.13,-0.09,187,0.44,0.31,0.13,6,-7,15,1,7,3,2,4,6,16,0,-2,0,0,0.054,8,-3,0,3,0.021,0,-4,0,3,0.013,-3,3,0,1,-0.103
0,-1,LAK,CHI,2014,7,5,0.77,0.54,0.23,4.4,-1.6,4.1,0.3,1.5,1,0.5,-0.8,-0.063,0.032,0.05,-4,0,4,-6,-1,0,-9,0.099,-0.025,-177,-0.68,-0.99,0.31,6,-79,-11,0,2,0,2,15,47,12,0,-3,0,0,0.085,6,-1,0,3,-0.032,0,1,0,3,-0.042,-1,-6,0,2,0
0,-1,MTL,BOS,2014,17,14,0.6,-0.36,0.96,4.5,-1.4,4.8,-0.1,3.5,-1.9,5.4,2,-0.052,-0.056,0.347,-6,1,13,-3,2,-8,4,0.015,0.151,-177,-1.06,-0.61,-0.45,-4,-39,3,0,-7,-4,3,-9,18,-5,0,2,0,-1,-0.028,6,2,0,-1,-0.01,0,-3,0,-1,0.067,4,-11,0,-1,0.207
0,-1,NYR,PIT,2014,13,1,0.34,0.17,0.17,5.2,-0.3,5.7,-3.1,-3.3,-0.6,-2.7,2.2,0.102,0.186,0.018,6,-3,3,-3,-5,1,6,0.025,0.05,15,0.05,0.17,-0.12,3,14,1,2,-5,1,8,-2,8,-2,5,-2,0,-1,0.124,3,2,0,0,-0.042,1,-5,0,2,0.068,0,-6,0,0,0.041
0,-1,MIN,COL,2014,14,5,0.56,0.22,0.34,1.9,1.9,4.7,1.5,2.9,5,-2.1,-1.4,0.142,0.019,0.107,4,4,1,-3,2,-4,3,0.084,0.105,108,0.06,0.06,0,4,-16,4,0,9,3,6,-6,34,14,7,2,0,-2,0.049,8,-1,0,-1,0.077,2,-2,0,-4,0.142,0,-5,0,-2,0.054
0,-1,CHI,STL,2014,4,1,-0.27,-0.3,0.03,0.3,4.2,0.6,2.6,-3.8,-0.8,-3,-0.1,0.242,-0.073,-0.114,7,-4,3,-3,-1,6,7,0.049,0.005,463,1.23,1.55,-0.32,-1,93,17,0,17,3,0,-1,-19,-8,5,0,0,1,-0.004,0,-2,0,1,0.024,0,-1,0,-1,0.019,0,4,0,-3,-0.008
0,-1,LAK,SJS,2014,11,3,0.5,0.3,0.2,2.1,1.8,2.1,3.8,3.2,1.6,1.6,0,0.103,0.088,-0.046,5,-3,3,-5,-4,3,-4,0.079,0.079,-139,-0.04,-1.02,0.98,2,-91,3,0,1,1,17,-2,26,18,4,-2,0,4,-0.017,10,-1,0,2,0.002,7,-6,0,0,0.292,-2,-4,0,-2,-0.018
0,-1,LAK,ANA,2014,16,10,0.8,0.43,0.37,0.9,-0.9,0.1,1.1,-0.3,2.5,-2.8,-3.6,0.204,-0.167,0.069,6,-4,6,-10,2,0,-10,0.046,0.242,18,0.09,-0.16,0.25,3,-30,12,0,1,0,9,20,48,12,3,-1,0,0,0.046,13,-2,0,2,0.03,6,-3,0,1,0.189,0,-5,0,-2,0.061
1,1,CBJ,PIT,2014,16,5,0.19,-0.12,0.31,4.1,2.9,4.8,1.2,0.3,-2,2.3,-0.6,0.061,0.289,0.242,2,0,10,5,-6,-3,-6,0.161,0.087,107,0.59,0.13,0.47,-3,-13,19,2,2,1,-5,0,18,2,3,-1,0,-7,0.226,6,0,0,-5,0.147,-1,-1,0,0,-0.015,3,0,0,0,0.113
1,1,PHI,NYR,2014,2,4,-0.23,-0.45,0.22,-1.5,0.5,-0.5,2.4,2.8,-1.2,4,-1.2,-0.027,0.076,0.098,0,2,1,6,-1,-4,-1,0.072,0.016,-363,-0.42,-1.24,0.82,-1,-73,-19,-1,-7,-4,0,3,-1,-12,-1,-1,0,0,0.019,-1,-1,0,-2,0.074,-2,0,0,-3,-0.026,-2,1,0,0,-0.059
1,2,MIN,CHI,2014,9,7,0.75,0.18,0.57,1.6,2.7,2.4,4.7,6.5,-0.5,7,1.1,-0.133,0.011,0.333,-7,2,8,1,1,-8,1,0.053,0.008,-84,-0.22,-0.36,0.14,2,-22,-12,-1,3,-1,6,5,47,-1,3,0,0,-2,0.083,6,1,0,-1,0.024,1,2,0,-1,0.023,-3,-8,0,0,-0.022
1,2,DAL,ANA,2014,25,10,0.39,-0.24,0.63,0.1,0.8,-1,1.5,-0.4,-1.7,1.3,-0.9,0.235,0.079,0.175,11,2,1,-4,0,-7,-1,0.087,0.267,-6,-0.1,0.03,-0.12,-1,-4,14,0,-6,-1,1,3,15,-12,3,-1,0,0,0.046,11,0,0,-1,0.051,7,-7,0,-2,0.283,4,-7,0,-5,0.196
1,3,NYR,LAK,2014,4,-5,-0.2,-0.27,0.07,-3.1,-2.2,-2.5,-4.9,-1.6,-3.2,1.6,4,0.029,-0.053,0.085,4,-1,-2,0,1,-4,14,-0.124,0.015,59,-0.03,0.56,-0.59,-1,54,1,0,-4,-1,6,-11,-23,-14,3,1,0,0,-0.002,-1,2,0,-2,-0.003,0,-3,0,1,0.023,1,-2,0,1,0.033
1,3,DET,BOS,2014,24,17,0.5,-0.61,1.11,4,0.6,3.1,3,1.9,-0.2,2.1,0.8,0.028,0.132,0.237,0,2,9,-4,-3,-6,8,0.252,0.028,-24,-0.62,-0.21,-0.41,1,-22,6,1,-1,-2,-3,-9,10,-3,1,0,0,-2,0.06,12,0,0,-2,0.082,3,-6,0,3,0.177,5,-10,0,3,0.224
0,-2,LAK,NJD,2012,7,1,0.34,0.43,-0.09,0.2,2.6,-3.9,5.3,-3.1,-0.6,-2.5,-4.4,0.173,-0.111,0.074,2,-1,8,-2,3,1,-10,0.144,0.197,178,-0.03,0.12,-0.15,1,-33,30,-1,7,4,1,8,14,-1,0,3,0,-2,-0.031,1,2,0,-3,0.029,8,2,0,-2,0.274,4,-1,0,-2,0.147
0,-2,NJD,NYR,2012,7,7,0.08,-0.28,0.36,-1.5,-3.4,1.9,-6.2,1,1,0,2.9,0.093,0.15,-0.155,2,3,-3,-7,-3,5,8,-0.043,0.004,-42,0.57,0.01,0.56,3,5,0,1,-5,-3,2,-6,-6,10,1,-2,0,2,0.009,1,-2,0,0,0.056,-4,-2,0,1,-0.099,0,-3,0,0,0.023
0,-3,LAK,PHX,2012,2,2,0.27,0.3,-0.03,-3.4,-1.5,-5.1,-2.1,-1,4.2,-5.2,-1.3,0.045,0.175,-0.148,0,0,2,-3,-4,7,-3,0.05,0.037,-166,-0.59,-0.63,0.04,6,-47,-8,-1,-2,-1,7,17,5,12,2,0,0,-1,0.046,5,1,0,-6,0.147,1,6,0,-2,0.019,3,0,0,2,0.091
1,1,WSH,NYR,2012,17,8,0.05,-0.54,0.59,-1,4.6,1.6,6.5,0.5,-2.4,2.9,0,0.174,0.275,-0.044,3,7,0,-6,-3,2,4,0.193,0.014,-86,0.49,-0.49,0.98,-5,-41,10,1,-5,-1,-2,-18,11,-15,-2,2,0,-1,-0.043,5,0,0,2,-0.053,-3,-9,0,2,-0.004,-2,-8,0,-1,0.008
0,-3,NJD,PHI,2012,1,5,0.54,0.24,0.3,2.5,-7.8,4.6,-11.7,4.7,1.6,3.1,1.2,0.098,-0.184,-0.074,6,-4,-4,-7,3,1,1,-0.104,0.031,217,1.51,1.08,0.43,5,88,-7,0,8,-3,17,23,11,11,6,-3,0,1,0.098,4,0,0,-1,0.039,0,1,0,1,-0.028,0,0,0,1,-0.006
0,-4,LAK,STL,2012,14,11,0.22,-0.18,0.4,-0.3,-1.2,-0.7,-1.8,0,-0.7,0.7,-1.1,0.156,-0.066,0.106,3,1,5,-7,3,-1,-1,0.039,0.211,139,0.22,0.43,-0.21,5,14,11,-1,3,3,13,-5,-9,-4,4,4,0,-1,-0.05,6,2,0,-4,0.071,1,-4,0,-3,0.139,3,-9,0,-1,0.173
1,3,NSH,PHX,2012,-7,-7,-0.27,-0.13,-0.14,-8,1.9,-8.8,2.3,2,0.8,1.2,1.2,-0.111,-0.056,0.039,-3,-5,2,1,0,0,1,-0.066,-0.094,68,0.28,0.34,-0.06,3,22,6,0,1,-2,-5,-7,6,18,0,0,0,-1,0.031,3,-1,0,-3,0.114,-3,-1,0,-2,-0.077,-3,2,0,5,-0.13
1,1,OTT,NYR,2012,17,9,-0.25,-0.66,0.41,-2.5,4.6,-1.3,4.7,-2.9,-4.2,1.3,-0.1,0.108,0.003,0.172,2,2,5,-4,1,-5,2,0.128,0.07,292,1.39,0.65,0.73,-1,11,38,1,5,1,-4,-25,6,-7,5,0,0,-1,0.082,7,-2,0,1,0.057,-6,-6,0,1,-0.089,-2,-9,0,0,0.008
0,-1,WSH,BOS,2012,10,7,0.51,-0.33,0.84,0.5,1.9,4.1,3.8,4.4,-0.4,4.8,4.5,0.187,0.19,-0.13,6,7,-6,-4,0,1,5,0.108,0.024,-201,-0.39,-1.02,0.63,-2,-70,-13,0,2,-1,13,0,8,-20,0,1,0,-4,0.099,7,0,0,-1,0.038,-1,-2,0,0,-0.004,0,-4,0,0,0.026
0,-1,NJD,FLA,2012,-8,-1,-0.23,0.13,-0.36,1.3,-10.1,4,-14.2,2.2,3.7,-1.5,3.5,-0.118,0.184,-0.393,-2,3,-12,-7,-4,8,3,-0.22,-0.089,-309,-0.2,-0.87,0.67,11,-39,-33,1,-9,-1,1,9,-14,11,-4,-3,0,5,-0.102,-5,-1,0,5,-0.126,-3,4,0,4,-0.159,-1,2,0,1,-0.047
0,-2,PHI,PIT,2012,5,3,0.16,-0.08,0.24,0,6,-0.7,8.2,1.7,-1,2.7,2.1,-0.11,0.249,0.111,-8,7,5,4,-3,-2,10,-0.012,0.035,-438,-1.2,-1.22,0.01,-3,-55,-26,0,-17,-1,6,-18,-11,7,-2,4,0,2,-0.161,-1,-2,0,1,0.022,-1,-2,0,-2,0.034,3,-2,0,0,0.097
0,-3,LAK,VAN,2012,16,5,0.65,0.26,0.39,2.8,-1,2.1,-1.6,0.9,3.4,-2.5,0.7,0.23,-0.156,0.064,10,-6,7,-5,-1,1,10,0.033,0.152,126,0.18,0.19,-0.01,2,-2,6,-1,9,2,27,-1,1,19,9,2,0,0,0.006,4,1,0,-4,0.09,4,-8,0,0,0.318,3,-6,0,3,0.116
1,3,SJS,STL,2012,13,11,-0.16,-0.61,0.45,-4.4,8.9,-4,10.1,-3.2,-1.9,-1.3,-2.9,0.037,0.016,0.173,-2,3,5,-6,2,-3,8,-0.001,0.072,277,0.47,1.24,-0.78,-1,88,11,0,1,4,9,-25,-25,-13,9,4,0,0,-0.039,5,1,0,-2,0.042,-5,-8,0,-2,-0.046,-2,-12,0,-1,0.035
1,2,CHI,PHX,2012,-4,-1,-0.38,-0.45,0.07,-1.6,7.4,-2.9,6.9,-1.9,3,-4.9,-0.4,-0.149,0.331,-0.044,-5,6,-4,5,-3,-1,7,0.045,-0.182,-91,-0.4,0.13,-0.54,-1,34,-15,0,-6,-1,-5,-6,-11,-13,0,0,0,-1,0.031,2,0,0,-3,0.085,-8,6,0,-4,-0.249,-2,-1,0,0,-0.047
1,3,DET,NSH,2012,2,4,-0.08,0.06,-0.14,5.5,1.8,7.6,3.2,-4.6,3.8,-8.4,-2.6,0.013,0.242,-0.199,0,7,-7,-3,-3,4,-2,0.106,-0.096,-10,-0.64,-0.27,-0.37,-6,-24,4,0,3,0,-11,1,-2,-13,-4,-1,0,1,-0.024,3,1,0,2,-0.074,-4,2,0,1,-0.126,2,-3,0,-3,0.098
0,-1,BOS,VAN,2011,14,3,0.17,-0.1,0.27,8.1,3,9.4,0.7,-0.9,-2.6,1.7,3,0.072,0.238,0.028,3,5,0,0,-5,-1,7,0.123,-0.006,-172,-0.08,0.08,-0.16,0,56,-42,-1,-1,-5,-4,-9,9,0,8,-2,0,-1,0.114,8,-2,0,1,0.045,0,-5,0,1,0.045,0,-3,0,-2,0.046
1,1,TBL,BOS,2011,0,11,0.04,-0.55,0.59,-4.3,-1.2,-1.5,2.7,1.1,4,-2.9,1.5,-0.09,-0.257,0.279,-7,-1,8,0,7,-7,-9,0.087,-0.052,210,-0.18,0.1,-0.29,-7,-43,50,1,-1,6,-8,-21,-12,7,3,2,0,-4,0.076,-4,0,0,-1,0.01,-3,2,0,1,-0.143,1,-3,0,4,0.025
1,3,SJS,VAN,2011,12,8,0.19,-0.34,0.53,0.8,6,2.6,5.7,-2.5,1.2,-3.7,1.2,0.005,0.067,0.154,-2,4,4,-2,0,-4,6,0.093,-0.016,12,0.06,0.4,-0.34,0,49,-18,0,1,0,1,-23,-10,7,15,-3,0,1,0.141,9,-4,0,0,0.121,-3,-3,0,1,-0.083,2,-2,0,0,0.095
0,-4,TBL,WSH,2011,4,2,-0.27,-0.52,0.25,-3,1.8,-0.2,3.9,-0.5,0.3,-0.8,1.3,0.004,-0.162,0.174,3,-3,2,2,2,-6,-16,0.087,0.037,21,-0.71,-0.06,-0.66,-2,-21,23,0,-6,1,-28,-12,-11,-1,0,-1,0,-1,0.054,-5,-2,0,0,0.034,8,-1,0,1,0.184,4,-1,0,3,0.1
0,-4,BOS,PHI,2011,3,-2,0.14,0.33,-0.19,0.4,0.2,0.6,0.1,-1.1,-2.6,1.5,-1.6,0.017,0.16,-0.074,4,-3,0,2,-7,3,8,-0.034,0.006,4,0.21,0.38,-0.17,-1,56,-24,0,4,-3,2,8,19,-8,1,1,0,2,-0.065,8,-1,0,3,-0.018,4,-3,0,1,0.158,-4,0,0,0,-0.147
1,2,NSH,VAN,2011,18,10,0.55,-0.12,0.67,9.1,0.7,9.2,0.7,3.2,-0.5,3.7,4.7,0.081,0.214,0.114,1,8,1,-3,-1,-4,6,0.139,0.035,223,0.75,0.85,-0.1,-8,61,11,0,6,0,-3,-7,22,18,7,-2,0,-6,0.22,7,-3,0,-2,0.132,-4,-2,0,3,-0.165,-1,-3,0,3,-0.035
1,1,DET,SJS,2011,1,4,-0.17,-0.35,0.18,1.2,-2.7,1.2,-2.2,0.9,-1.8,2.7,1.8,-0.015,-0.09,0.135,0,-3,4,2,1,-3,2,0.012,-0.005,177,0.37,0.34,0.03,2,-12,35,0,2,1,-6,-19,5,-11,-3,2,0,-2,-0.027,1,4,0,-1,-0.069,-3,-5,0,-2,0.005,-5,-8,0,-1,-0.086
1,3,NYR,WSH,2011,14,2,-0.06,-0.05,-0.01,0.6,1.9,0.4,0.1,1.4,-0.4,1.8,4,0.027,0.203,-0.031,5,1,-2,-4,-6,0,-6,0.031,0.099,-148,-0.94,-0.15,-0.79,3,13,-16,0,-11,0,-5,7,-1,-9,4,-3,0,3,0.039,0,0,0,3,-0.094,7,-2,0,2,0.153,0,-6,0,0,0.045
1,1,BUF,PHI,2011,10,13,0.19,-0.15,0.34,-2.8,-0.2,0.2,3.2,-1,-0.6,-0.4,2.6,0.011,-0.031,0.167,-1,-5,10,-4,-2,0,11,0.013,0.011,161,0.39,0.22,0.17,-4,-6,19,1,3,4,7,-6,8,-15,5,-1,0,1,0.045,13,-1,0,2,0.031,-3,-1,0,0,-0.059,-4,-8,0,4,-0.122
1,1,MTL,BOS,2011,7,7,0.38,-0.21,0.59,-3.5,-1.8,-3.3,0.9,1.2,1.7,-0.5,2.9,-0.123,-0.124,0.308,-3,-2,7,2,3,-10,-2,-0.013,0.084,18,-0.12,-0.53,0.41,-9,-71,37,1,-6,4,8,-13,-11,11,-1,2,0,-1,-0.033,0,1,0,-3,0.049,0,-8,0,2,0.042,4,-11,0,3,0.159
0,-1,TBL,PIT,2011,3,2,-0.16,-0.46,0.3,-4.7,2.3,-2,6,-0.3,0,-0.3,-1.2,0.039,-0.195,0.159,1,-4,6,1,2,-3,-9,0.135,-0.027,483,0.82,1.2,-0.39,-4,39,51,1,5,9,-15,-14,4,-4,2,2,0,-4,0.069,-2,1,0,-2,0.017,3,0,0,-1,0.102,-4,0,0,0,-0.167
1,1,VAN,CHI,2011,20,12,0.08,-0.48,0.56,1.2,6.4,2,5.9,-0.2,1.4,-1.6,4.1,0.122,0.164,0.061,3,4,3,-6,-3,-1,2,0.156,0.051,201,0.58,1.01,-0.43,-6,83,1,0,4,1,-15,-20,-5,11,6,-6,0,-2,0.211,5,-4,0,0,0.102,-3,-2,0,1,-0.098,3,-2,0,0,0.138
1,2,LAK,SJS,2011,7,3,0.41,0.15,0.26,7.4,-5.9,7.1,-5.2,5.7,1,4.7,2.6,-0.057,0.147,0.044,-1,-1,4,0,-6,1,-7,0.024,0.097,-31,0,-0.02,0.01,-7,12,-3,0,-2,-1,2,8,24,-7,-2,0,0,-2,0.042,3,4,0,2,-0.157,2,0,0,1,0.055,-1,-6,0,1,-0.005
1,4,PHX,DET,2011,5,-2,0.37,0.21,0.16,6.4,3.9,6.1,3.9,3.3,-1.9,5.2,0.4,0.053,0.112,-0.02,0,4,0,-1,-1,1,-1,-0.006,0.115,-109,-0.08,-0.43,0.34,-3,-20,-9,0,-4,1,17,21,8,2,2,1,0,-3,0.08,-4,-2,0,2,-0.014,1,4,0,3,-0.062,1,3,0,0,0.003
0,-2,NSH,ANA,2011,0,-2,0.27,0.52,-0.25,8.3,-3.6,6.6,-3.2,-0.3,1.7,-2,-2.5,0.197,0.136,-0.248,11,0,-8,0,-3,6,3,0.041,0.002,458,1.01,1.21,-0.21,-3,43,48,0,12,1,-4,21,20,28,0,-1,0,-7,0.199,-1,-2,0,-3,0.114,0,7,0,1,-0.114,-3,6,0,1,-0.158
1,2,PHI,CHI,2010,24,2,0.37,-0.23,0.6,-3.8,2.3,-2.6,5.4,2.5,-3.5,6,2.3,0.075,0.04,0.254,6,-1,6,-2,-3,-8,7,0.041,0.22,-438,-1.15,-1.79,0.63,2,-102,-42,0,-2,-1,21,-12,-5,6,8,2,0,4,-0.072,5,0,0,0,0.015,-2,-9,0,-1,0.105,4,-8,0,0,0.169
1,3,MTL,PHI,2010,0,11,0.27,0.05,0.22,-0.3,0,0.1,0.6,3,-3.5,6.5,0.4,0.045,-0.111,0.067,-3,-3,8,-3,1,4,10,-0.045,-0.014,426,1.43,1.19,0.24,-2,37,48,1,7,4,11,-9,12,5,3,-4,0,-1,0.153,4,-1,0,0,0.043,-4,-2,0,-5,-0.026,-1,1,0,-3,-0.021
0,-4,CHI,SJS,2010,1,6,-0.07,0.07,-0.14,3.3,-0.3,1.8,-2.7,-2.4,6.3,-8.7,3.2,-0.034,0.304,-0.154,-3,5,-3,-3,-4,5,-17,0.081,0.003,231,0.44,1.13,-0.68,1,74,19,-1,0,0,-23,6,15,2,-7,-5,0,-2,0.107,1,-1,0,2,-0.019,4,5,0,1,0.006,-2,0,0,2,-0.077
0,-1,MTL,PIT,2010,13,9,0.48,0.21,0.27,-4.6,1.1,-4.1,2,4.2,-3.4,7.6,-0.4,0.186,-0.045,0.031,5,-5,8,-7,-4,6,2,-0.035,0.207,259,1.13,0.68,0.45,-2,26,19,0,9,3,18,-5,12,14,1,-5,0,0,0.136,2,1,0,-1,0.009,-5,-4,0,-4,-0.045,4,-2,0,-2,0.121
0,-1,PHI,BOS,2010,3,-10,-0.44,-0.38,-0.06,-4.9,3.4,-3.8,3.8,0.1,1.2,-1.1,2.5,-0.087,0.194,-0.025,2,0,-4,3,-6,-2,-9,0.027,0.02,-409,-1.46,-1.67,0.21,6,-102,-31,-1,-4,-2,-10,-8,-16,-5,-3,-1,0,2,-0.055,-8,3,0,-1,-0.096,0,4,0,2,-0.054,0,-3,0,2,0.003
1,3,DET,SJS,2010,11,10,0.41,0.03,0.38,1.8,1.1,-0.8,0.6,-1.7,2,-3.7,4.5,0.018,0.145,0.143,-3,1,9,-1,-3,0,-1,0.12,0.06,432,0.73,1.5,-0.77,1,76,38,0,6,3,1,-7,26,12,5,-4,0,-1,0.178,8,-2,0,1,0.054,-3,0,0,-4,-0.009,0,0,0,-5,0.031
1,2,VAN,CHI,2010,9,-4,-0.07,-0.18,0.11,-3.2,3.7,-2.8,5.8,3.2,-4.4,7.6,1,0.008,0,0.079,6,-3,0,1,-4,-3,17,-0.081,0.043,-345,-0.99,-1.34,0.34,4,-80,-25,0,-7,0,4,-33,8,11,4,2,0,5,-0.125,3,0,0,3,-0.073,-5,-9,0,-1,0.028,-4,-3,0,-2,-0.045
0,-1,MTL,WSH,2010,33,19,1.26,0.11,1.15,3.4,-4.2,3.9,-4.1,4.2,-1.2,5.4,1.8,0.033,0.423,0.286,0,2,13,-6,-9,-3,13,0.013,0.277,4,0.14,-0.26,0.39,2,-26,-8,0,5,5,33,-6,26,14,9,-2,0,2,0.085,6,-2,0,1,0.05,-3,-12,0,-4,0.165,4,-15,0,0,0.243
0,-3,PHI,NJD,2010,15,5,-0.2,-0.44,0.24,-2.8,-0.1,-2,1,-1.6,-1.6,0,-0.7,0.1,0.156,0.033,4,5,-2,-4,-1,-3,-3,0.066,0.147,-503,-1.47,-2.13,0.66,2,-138,-33,-1,-4,-1,-8,-7,-14,-7,4,-1,0,1,0.027,3,0,0,-2,0.061,2,0,0,1,0.041,1,-4,0,-1,0.054
0,-2,BOS,BUF,2010,9,10,0.43,0.12,0.31,1,0.2,1.5,-0.6,-0.1,1.6,-1.7,-4,0.112,-0.139,0.125,2,1,3,-5,5,-3,1,0.056,0.079,-35,0.48,0.15,0.33,-4,33,-21,0,1,1,7,9,11,-6,2,1,0,-2,0.047,8,-4,0,-2,0.214,0,-6,0,2,0.033,3,-1,0,0,0.091
1,2,OTT,PIT,2010,7,-1,0.36,0.03,0.33,0.3,-0.2,-0.8,0,3.1,0.2,2.9,0,-0.004,-0.282,0.218,5,-9,7,2,1,-7,0,-0.073,0.146,54,0.58,0.28,0.3,-7,32,-2,0,-2,3,13,-1,18,-9,-1,1,0,1,-0.071,0,2,0,2,-0.118,2,-5,0,0,0.107,5,-6,0,0,0.154
1,2,COL,SJS,2010,18,9,0.24,-0.23,0.47,2.9,4.8,2.9,4.7,3.8,-0.7,4.5,7.9,-0.007,0.447,0.052,-3,7,4,-4,-6,0,-1,0.145,0.06,128,0.12,0.56,-0.44,-4,48,-4,0,6,1,-8,-9,8,14,-2,-4,0,1,0.063,3,-4,0,1,0.073,1,-2,0,-3,0.095,1,0,0,1,0.025
1,2,NSH,CHI,2010,12,4,0.55,-0.22,0.77,1.3,8.2,2,11.1,3.5,-4.1,7.6,3.2,-0.076,-0.154,0.488,-5,-8,18,0,-2,-5,21,-0.086,0.058,214,0.49,0.57,-0.09,2,24,14,1,6,2,27,-9,8,11,7,5,0,6,-0.244,8,-3,0,3,0.026,-5,-1,0,-2,-0.091,5,0,0,0,0.174
1,2,LAK,VAN,2010,2,9,0.45,0.09,0.36,0,1.3,0.2,2.8,1.8,1.9,-0.1,0.8,-0.001,-0.071,0.159,-8,2,9,-2,5,-2,-7,0.056,0.086,290,0.77,0.84,-0.07,-4,35,24,1,9,1,26,29,-3,0,4,1,0,-1,0.024,3,1,0,-2,0.035,0,4,0,-2,-0.028,3,-2,0,0,0.079
0,-1,DET,PHX,2010,5,-2,-0.15,-0.13,-0.02,-4.5,0.6,-6.5,-1.4,-2.9,0.2,-3.1,-1.1,0.167,-0.088,0.018,6,-2,2,-1,1,1,4,0.189,-0.089,202,0.03,0.63,-0.6,2,31,14,0,4,3,-14,-16,1,3,5,-4,0,-5,0.315,5,-1,0,-2,0.093,-6,3,0,-1,-0.169,2,2,0,-4,0.065
0,-1,PIT,DET,2009,13,9,0.37,0.09,0.28,8.3,-4.4,10.8,-4.6,7.2,-2.6,9.8,6,0.135,-0.177,0.19,6,-3,4,-4,3,-5,3,0.13,0.004,-610,-0.62,-1.98,1.35,-6,-85,-64,-1,-9,-1,4,11,12,-14,7,-5,0,2,0.133,9,-1,0,1,0.052,1,0,0,2,-0.012,-3,-5,0,-2,0.009
1,4,CAR,PIT,2009,2,-2,0.27,0.14,0.13,-1.5,2.3,-2.7,1.6,-3.6,0.8,-4.4,-2.2,-0.165,0.232,0.06,-6,3,2,3,-5,-1,4,0.033,-0.08,632,0.34,2.29,-1.94,5,124,50,1,9,3,6,-6,3,5,0,-2,0,2,0,-6,0,0,3,-0.103,1,-7,0,-4,0.171,3,0,0,-1,0.074
1,3,CHI,DET,2009,8,6,0.35,0.38,-0.03,6.2,-2.3,6.8,-3.5,3.5,-0.9,4.4,7,0.198,-0.138,0.083,12,-7,0,0,0,-3,3,0.037,0.056,-333,-0.64,-0.63,-0.02,-7,8,-43,0,-10,-1,-6,1,18,4,1,-2,0,2,0.007,-1,0,0,2,-0.044,0,-2,0,-1,0.047,5,-1,0,-4,0.208
0,-1,CAR,BOS,2009,19,11,0.41,-0.38,0.79,4.9,2,5.1,1.9,-2.3,1.3,-3.6,-0.3,-0.141,0.246,0.395,-6,9,5,2,-3,-10,8,0.082,0.078,226,-0.25,0.69,-0.93,-2,31,20,0,8,0,18,-2,6,-20,8,-4,0,1,0.139,7,-1,0,1,0.023,2,-13,0,-1,0.268,-6,-10,0,1,-0.132
0,-1,PIT,WSH,2009,9,7,0.12,0.09,0.03,8,-2.1,8.4,-2.3,4.5,-0.8,5.3,2.6,0.109,0.144,-0.06,1,5,0,-4,-2,3,2,0.082,0.047,-393,-0.7,-1.07,0.37,-3,-32,-47,-1,-7,-1,11,12,-10,-8,11,-3,0,-1,0.178,8,0,0,-3,0.11,-1,3,0,0,-0.081,-7,-4,0,-1,-0.142
1,1,ANA,DET,2009,21,12,0.62,0.06,0.56,1.9,-1.4,3.4,-1.2,5.9,-2.8,8.7,5.3,0.085,0.009,0.27,8,-4,6,0,-4,-7,2,0.145,0.073,-297,-0.65,-0.79,0.13,-1,-28,-25,0,-11,-1,9,7,14,-19,7,-3,0,4,0.028,8,1,0,6,-0.153,8,-9,0,0,0.337,5,-7,0,-2,0.226
0,-2,CHI,VAN,2009,-4,1,-0.21,0.05,-0.26,-0.5,0.8,-0.2,-0.3,-4.2,0.6,-4.8,3.8,0.085,-0.067,-0.048,5,-1,-5,2,2,-1,4,-0.065,0.01,194,0.49,1.01,-0.52,0,72,10,0,1,0,-15,-6,1,12,0,2,0,0,-0.046,-5,-2,0,-1,0.055,-1,5,0,-2,-0.06,2,4,0,-2,0.054
1,4,MTL,BOS,2009,23,16,0.34,-0.61,0.95,4.3,0,5.1,-0.1,0.3,-0.9,1.2,0.1,-0.039,0.331,0.335,-2,11,3,2,-4,-9,9,0.012,0.225,-201,-1.07,-1,-0.07,3,-84,-1,0,-2,-1,10,-9,1,-18,3,2,0,1,-0.063,9,0,0,0,0.031,3,-14,0,1,0.285,-5,-14,0,3,-0.094
1,1,NYR,WSH,2009,13,10,0.83,0.34,0.49,11.3,-7.2,12.2,-8.2,1.1,-0.2,1.3,0.8,0.001,0.203,0.136,-5,6,6,-3,-3,0,2,0.082,0.073,-158,-0.79,0,-0.79,-2,38,-30,0,-8,0,28,15,8,7,16,-2,0,-1,0.224,6,1,0,-1,0.024,-2,1,0,-1,-0.052,-2,-3,0,-1,-0.032
0,-1,CAR,NJD,2009,9,1,0.02,-0.18,0.2,0.2,-0.5,1.3,0.5,0.3,0,0.3,0,0.12,-0.003,0.081,1,-1,6,-3,-1,1,5,0.2,-0.097,256,-0.25,0.85,-1.09,2,34,32,0,1,2,0,-10,1,-6,8,-4,0,1,0.139,8,-2,0,-1,0.09,2,-2,0,-4,0.112,-2,1,0,-3,-0.036
1,2,PHI,PIT,2009,0,-1,-0.02,0.01,-0.03,-5.3,-0.3,-8.6,-2.3,-0.8,-2.2,1.4,0.8,-0.078,0.206,-0.047,-1,3,-3,3,-4,0,-3,0.022,-0.032,320,0.03,1.17,-1.14,9,49,36,1,1,1,7,-13,-2,0,-4,3,0,2,-0.166,-2,0,0,3,-0.086,0,-5,0,-4,0.129,7,-1,0,-1,0.186
0,-2,ANA,SJS,2009,26,13,0.16,-0.44,0.6,0.6,3.6,0.1,6,2.9,-3.3,6.2,4,0.091,0.245,0.187,10,0,2,0,-8,-6,3,0.128,0.141,-68,0.02,-0.38,0.4,0,-35,8,1,-5,0,13,14,4,-34,5,-2,0,1,0.068,7,0,0,4,-0.095,9,-8,0,2,0.313,2,-7,0,2,0.093
1,4,CBJ,DET,2009,20,12,0.84,0.21,0.63,12.8,-3.8,15.4,-4.3,7.3,-0.1,7.4,3.9,0.029,-0.016,0.375,4,-3,9,1,-2,-9,5,0.121,0.072,-403,-0.34,-1.02,0.67,-3,-29,-41,0,-12,-1,16,18,37,-12,6,-5,0,4,0.074,13,-1,0,6,-0.065,5,-2,0,1,0.167,4,-9,0,-4,0.212
1,4,STL,VAN,2009,8,6,0.19,-0.17,0.36,-1.7,-2.4,-0.8,-3.3,0.8,0.7,0.1,2.8,-0.014,0.055,0.141,-1,3,2,0,0,-4,11,0.008,-0.005,103,0.38,0.45,-0.07,3,31,-1,0,6,-2,6,-4,4,7,8,0,0,0,0.081,2,-2,0,0,0.061,1,2,0,-1,0.014,1,-1,0,-1,0.041
1,2,CGY,CHI,2009,6,-4,0.11,-0.45,0.56,2.3,-2.8,4.7,-1.5,0.5,-1.2,1.7,-3.2,-0.196,0.134,0.119,-9,8,1,-2,1,-5,6,0.064,-0.111,-142,-0.4,-0.7,0.3,5,-50,-8,0,-3,1,15,-3,-4,-26,8,1,0,0,0.042,7,1,0,1,-0.021,0,-6,0,4,0.025,-1,-12,0,4,0.004
1,2,PIT,DET,2008,13,8,0.14,-0.41,0.55,0.3,3,1.2,2.8,6.7,-7.3,14,7.2,0,-0.013,0.315,1,-4,10,2,-1,-7,10,0.135,-0.085,-242,-0.32,-0.36,0.05,-10,19,-30,0,-6,-4,5,-9,5,-8,14,0,0,-1,0.089,0,2,0,-2,0,-5,-3,0,4,-0.162,0,-7,0,0,0.066
1,3,PHI,PIT,2008,7,3,-0.06,-0.18,0.12,-1.4,-2.3,-2.6,-4,-1.1,-1,-0.1,-3.2,0,0.1,0,-2,5,0,-3,-1,0,3,-0.086,0.118,184,0.77,0.87,-0.09,1,66,2,0,1,2,6,-10,-11,-9,4,0,0,0,0.035,6,0,0,0,0.018,1,-4,0,-4,0.119,2,-2,0,-3,0.082
1,2,DAL,DET,2008,18,10,0.18,-0.31,0.49,2.6,-1.6,3.1,-3.9,7.7,-2.6,10.3,2.9,0.056,0.154,0.27,2,0,10,4,-5,-5,2,0.172,0.079,-217,-0.07,-0.13,0.07,-4,31,-29,0,-8,-4,13,-9,-5,17,16,-2,0,-2,0.193,5,-2,0,-3,0.125,-3,-5,0,3,-0.07,1,-5,0,0,0.081
0,-3,PHI,MTL,2008,9,1,0.14,-0.14,0.28,2.3,-0.8,3,-1.8,0.3,-0.2,0.5,-0.3,0.016,-0.15,0.177,-3,-3,9,-7,3,-2,12,-0.035,-0.038,95,0.72,0.64,0.1,-1,67,-15,0,-1,3,12,-20,-2,-3,11,-1,0,1,0.075,2,0,0,1,-0.017,-5,-4,0,-3,-0.081,-1,-2,0,0,-0.022
1,3,NYR,PIT,2008,5,9,0.43,0.27,0.16,3.9,-3.6,2.8,-3.1,-3.8,4.9,-8.7,-6.2,0.045,0.208,-0.18,2,5,-5,-2,-5,4,0,0.1,-0.047,3,0.35,-0.02,0.36,5,-3,-3,0,-1,2,-4,13,20,0,-4,0,0,-3,0.05,9,0,0,0,0.029,7,2,0,-3,0.242,0,-3,0,-3,0.036
1,4,COL,DET,2008,20,14,0.34,-0.45,0.79,6.1,2.6,5.8,3.3,5.8,-3.8,9.6,5.5,0.041,0.181,0.259,1,4,7,2,-3,-7,7,0.186,0.011,-534,-1.06,-1.5,0.45,-5,-58,-44,-2,-10,-6,23,-18,-6,0,21,0,0,0,0.119,8,1,0,-1,0.025,-6,-10,0,3,-0.086,-2,-9,0,1,0.023
0,-2,DAL,SJS,2008,11,3,-0.26,-0.21,-0.05,0.6,0.2,0.5,-1.2,2.9,-1.9,4.8,0.8,0.161,-0.059,0.122,10,-3,0,0,0,-4,8,-0.009,0.158,-79,0.33,-0.2,0.53,1,-9,-7,1,-2,-2,4,-25,-30,19,5,3,0,1,-0.037,4,-4,0,-2,0.146,-2,-8,0,0,0.067,-1,2,0,0,-0.044
1,1,BOS,MTL,2008,10,5,0.62,0.01,0.61,6.5,3.9,7.6,3.5,0.6,1.1,-0.5,-0.1,-0.048,0.05,0.199,-6,1,10,-2,-1,-2,5,0.117,-0.069,-252,0.02,-0.99,1.02,3,-49,-36,0,-2,3,16,-5,24,3,7,-2,0,-1,0.124,1,1,0,0,-0.021,-2,0,0,-2,-0.05,-3,-5,0,5,-0.085
1,4,OTT,PIT,2008,8,2,-0.22,-0.36,0.14,2.1,-0.1,1.2,-3.2,-2.4,0.8,-3.2,-5.6,0.038,0.118,0.042,-1,6,1,0,-1,-1,-3,0.004,0.173,110,0.86,0.38,0.48,3,22,-2,0,5,2,1,-5,-10,-6,-1,0,0,-1,0.022,6,0,0,-1,0.043,5,-6,0,-2,0.221,1,-6,0,1,0.055
0,-1,PHI,WSH,2008,-1,-4,-0.09,0,-0.09,-3,-2.8,-3.8,-4.6,2.2,-4.3,6.5,1.9,0.016,-0.15,0.056,-3,-1,3,-5,5,0,10,-0.088,-0.054,180,0.22,1.3,-1.07,0,120,-14,0,0,1,10,-11,-15,-3,4,3,0,0,-0.049,-3,0,0,-1,0.018,-3,-2,0,-3,-0.031,-3,3,0,-4,-0.089
0,-3,NYR,NJD,2008,2,1,-0.09,0.03,-0.12,-0.9,-1.8,-1.5,-1,-2.7,1.6,-4.3,-1.9,0.173,-0.142,-0.138,12,-7,-4,-2,-2,3,0,0.1,-0.071,-202,-0.68,-0.75,0.07,2,-48,-6,0,-6,-2,-17,-3,9,-6,0,0,0,-2,0.048,2,2,0,-2,0.008,4,2,0,-3,0.16,2,-1,0,-4,0.079
1,2,NSH,DET,2008,24,14,0.3,-0.55,0.85,5.9,-1.4,6.9,-2.1,4.8,-6.3,11.1,2.8,0.014,0.199,0.315,1,7,5,2,-1,-12,6,0.087,0.16,-90,0.13,-0.03,0.17,-4,22,-18,0,0,-3,7,-9,23,-14,11,-1,0,-1,0.097,10,2,0,0,-0.029,1,-6,0,1,0.078,1,-11,0,-1,0.121
1,1,CGY,SJS,2008,14,4,-0.13,-0.45,0.32,1.9,4.3,1.8,4.3,1.4,-4.3,5.7,1.7,0.093,-0.002,0.122,5,1,0,-5,1,-4,13,-0.019,0.09,100,0.97,0.1,0.87,-4,-3,8,1,7,0,1,-29,-18,-8,7,6,0,1,-0.106,11,0,0,-3,0.121,-3,-6,0,-1,0.029,0,-4,0,2,0.01
0,-2,COL,MIN,2008,3,2,-0.05,-0.07,0.02,4.3,3.8,2.9,4,-1.6,2.8,-4.4,-0.5,0.102,-0.08,-0.006,6,0,-4,-1,3,-3,2,0.126,-0.117,-373,-1.21,-1.4,0.19,-1,-86,-17,-2,-4,-5,12,-15,-5,13,9,0,0,3,-0.011,4,-2,0,2,0.014,-7,-3,0,1,-0.164,-4,0,0,1,-0.112
0,-2,DAL,ANA,2008,5,-2,-0.49,-0.25,-0.24,-1.5,-2.5,-1.1,-4.2,0.6,1.9,-1.3,-0.2,0.156,-0.054,0.015,8,-5,2,1,-2,1,-15,0.1,0.164,327,0.72,1.56,-0.85,2,108,19,0,1,0,-7,-12,-24,26,4,-3,0,0,0.117,-1,-4,0,-2,0.134,3,-2,0,0,0.099,1,6,0,-2,0.002
1,3,OTT,ANA,2007,5,-5,-0.39,-0.22,-0.17,4.5,0.6,6.5,-2.7,-0.8,-2.8,2,1.6,0.176,-0.008,-0.073,13,-5,-8,-3,-2,0,0,-0.042,0.059,284,0.58,0.84,-0.27,9,23,40,0,1,1,-15,6,-9,-12,-9,-1,0,1,-0.065,-4,-4,0,1,0.042,2,-1,0,3,0.012,1,-3,0,1,0.046
0,-3,OTT,BUF,2007,8,-6,0.14,0.27,-0.13,-0.5,-3.1,-0.6,-5.4,-2.8,0.8,-3.6,1.1,0.297,-0.129,-0.059,15,-6,-4,-4,0,1,0,-0.021,0.176,27,0.11,0.04,0.07,3,-2,7,0,-3,2,0,13,14,-8,-5,-1,0,-4,0.104,3,0,0,-2,0.048,1,-3,0,3,0.033,1,-5,0,-3,0.109
0,-2,ANA,DET,2007,3,6,-0.03,-0.08,0.05,-5.3,-0.5,-7.1,1.4,2.3,-2.8,5.1,1.7,0.011,-0.025,-0.013,-5,3,4,-5,2,2,-5,0.083,-0.002,-475,-1.05,-1.1,0.06,-3,-17,-61,0,-10,-3,-9,-7,-3,-1,-1,0,0,-1,0.017,1,0,0,-2,0.05,2,-1,0,1,0.05,4,0,0,-1,0.121
1,2,NYR,BUF,2007,19,8,0.79,0.33,0.46,-1.1,-2.4,-2.7,-3.1,-2,2.6,-4.6,1.5,0.155,0.159,0.027,5,1,5,-5,-4,1,3,0.062,0.205,91,0.25,0.05,0.19,-2,-5,1,0,6,4,17,7,30,-2,5,-4,0,-4,0.248,12,2,0,-3,0.077,2,-9,0,0,0.221,-3,-7,0,-2,0.005
0,-3,OTT,NJD,2007,2,-8,-0.98,-0.28,-0.7,-0.2,0.7,-0.2,-2.1,-3.6,-1.8,-1.8,-1.3,0.354,-0.226,-0.267,22,-5,-16,-6,4,1,-2,-0.011,0.064,-343,-0.78,-1.7,0.92,-2,-127,1,0,-6,-3,-29,-1,-28,-10,-12,-2,0,-1,-0.006,-5,-3,0,-3,0.112,2,2,0,4,-0.063,1,-1,0,0,0.038
1,2,SJS,DET,2007,6,-3,-0.05,-0.07,0.02,-5.3,1.3,-7.2,2,5.2,-1.6,6.8,2.5,0,0.015,0.017,5,-3,-3,-3,-2,-2,1,-0.042,0.01,27,-0.52,0.62,-1.14,4,77,-25,0,-1,0,-13,-14,-7,16,-9,0,0,2,-0.112,-8,-1,0,0,0.001,3,-10,0,3,0.192,6,-4,0,4,0.185
1,3,VAN,ANA,2007,5,7,0.45,0.01,0.44,5.2,-1.8,6.2,-2,2.2,-1.8,4,2.7,-0.136,0.104,0.198,-7,-1,7,-1,-3,-2,4,-0.065,0.017,251,0.55,0.34,0.2,6,-28,43,0,5,3,3,0,20,8,0,-1,0,3,-0.054,2,0,0,0,0.009,3,-8,0,0,0.21,0,-2,0,5,-0.027
1,3,NYI,BUF,2007,21,8,0.7,0.03,0.67,-0.7,-0.4,-1.2,0,-0.5,-1.6,1.1,-0.2,0.186,0.091,0.158,11,-4,6,2,-7,-3,6,-0.009,0.304,138,1.19,-0.06,1.25,-3,-33,20,-1,7,5,18,-13,33,7,2,2,0,-4,0.072,10,4,0,-3,0.019,1,-15,0,-3,0.265,0,-13,0,0,0.107
1,2,TBL,NJD,2007,14,7,-0.45,-0.81,0.36,-0.8,6.8,-0.8,3.7,-0.8,1.2,-2,0.1,0.052,-0.082,0.133,8,-1,-2,-3,2,-8,5,0.056,0.027,-67,-0.04,-0.31,0.27,1,-22,-1,0,0,-2,-6,-29,-22,-23,-2,-2,0,1,0.014,9,0,0,-2,0.097,-4,-11,0,4,0.004,-5,-6,0,4,-0.111
0,-4,NYR,ATL,2007,3,-1,0.07,0.37,-0.3,-2,-4,-3,-4.4,-1.8,3.1,-4.9,3,0.057,0.235,-0.256,1,4,-4,-5,-4,7,-1,-0.053,0.097,-12,0.09,-0.1,0.18,2,-3,-12,0,2,3,5,14,-13,4,0,-2,0,1,0.022,-3,1,0,0,-0.044,5,2,0,-1,0.117,-1,3,0,-1,-0.039
1,3,PIT,OTT,2007,0,13,0.23,-0.3,0.53,-2.4,2.4,-2.6,3.4,3.4,-0.7,4.1,3.3,-0.255,0.129,0.217,-15,6,10,5,0,-4,5,0.076,-0.109,-76,-0.87,-0.49,-0.38,-13,-35,-2,0,2,1,5,-7,13,-9,5,-2,0,-2,0.113,8,5,0,-1,-0.048,-2,0,0,-3,0.009,-2,-2,0,0,-0.046
1,2,CGY,DET,2007,17,7,-0.04,-0.37,0.33,-1.1,4.2,-2.7,3.4,6.5,-5.9,12.4,5.2,0.095,0.191,-0.036,3,2,2,-7,-5,2,-4,0.11,0.096,-222,-0.54,-0.69,0.15,1,-27,-26,0,-5,1,-15,-15,3,-3,-5,-2,0,3,-0.065,5,0,0,2,-0.041,5,-3,0,-2,0.227,5,-4,0,0,0.173
1,3,MIN,ANA,2007,6,8,0.36,0.17,0.19,3.4,-0.9,4.6,-2.5,1.9,-1.4,3.3,4.3,-0.079,0.359,-0.056,-2,4,-2,-1,-6,1,7,-0.024,-0.027,595,1.35,1.93,-0.59,9,81,57,0,9,4,7,-3,17,5,-1,-1,0,4,-0.091,4,0,0,5,-0.124,-2,-5,0,1,0.027,0,-4,0,2,0.015
1,1,DAL,VAN,2007,-2,-3,0,0.05,-0.05,-1.3,2.5,-1.9,2.9,1.3,3.8,-2.5,-0.9,-0.026,0.064,-0.082,2,-1,-2,3,-3,1,3,-0.007,-0.044,73,-0.06,0.8,-0.85,-2,81,-9,0,-3,-1,3,-1,11,-3,-4,3,0,0,-0.115,0,-2,0,4,-0.049,-4,-1,0,1,-0.105,-5,-3,0,-1,-0.096
0,-3,SJS,NSH,2007,3,-6,0.12,0.12,0,-5,2.5,-4.6,2.4,-1,5,-6,-0.8,0.105,-0.152,0.017,10,-7,-3,-1,0,-2,10,-0.102,0.033,224,0.23,0.96,-0.73,4,68,6,0,2,3,20,-5,2,8,0,4,0,1,-0.109,-6,-1,0,2,-0.037,-1,-8,0,0,0.104,1,-4,0,1,0.064
1,1,EDM,CAR,2006,17,12,0.45,0.2,0.25,-0.2,-2.3,-1.7,-1.6,1.3,5,-3.7,-1.7,0.183,0.143,0.067,6,-1,6,-4,-5,3,1,0.103,0.152,-79,0.54,-0.43,0.97,-2,-30,-11,0,4,0,12,2,14,1,5,-3,0,-1,0.179,10,-2,0,0,0.099,3,1,0,-3,0.098,-2,-1,0,1,-0.047
1,1,BUF,CAR,2006,2,-1,0.12,0.3,-0.18,-3.3,-4.8,-2.2,-3.2,0.5,0,0.5,2,0.078,-0.017,-0.102,5,-3,-2,-4,-1,3,-4,0.078,-0.042,-39,0.49,-0.16,0.64,-1,-6,-5,0,0,0,5,4,1,-6,0,0,0,0,0,-2,-1,0,-1,0.047,2,1,0,0,0.037,-2,-2,0,3,-0.055
0,-3,BUF,OTT,2006,3,7,0.43,-0.35,0.78,-0.4,-1.9,1,1.1,3.7,-1.9,5.6,0.6,-0.205,-0.017,0.129,-13,-1,14,-3,0,0,1,0.07,-0.099,298,0.7,1.06,-0.38,0,59,20,0,6,2,16,-12,16,-12,11,1,0,1,-0.01,10,-1,0,-1,0.064,-1,-2,0,2,-0.028,-4,-3,0,3,-0.102
1,3,TBL,OTT,2006,21,17,0.8,-0.62,1.42,4.1,3.2,4.2,5.5,2.7,1,1.7,0.2,-0.257,0.278,0.321,-13,5,17,0,-5,-7,2,0.188,-0.009,503,1.06,2.16,-1.11,-1,140,31,-2,7,2,14,-3,32,-15,12,-1,0,2,0.032,17,-3,0,0,0.117,1,-5,0,4,0.042,1,-4,0,3,0.036
1,2,MTL,CAR,2006,19,7,0.55,0.17,0.38,-1.3,0.7,-2.5,2.4,1,-0.1,1.1,2.4,0.122,0.232,0.038,5,0,5,-4,-8,3,-1,0.14,0.115,-211,0.55,-0.7,1.24,-2,-36,-9,-1,-3,-5,9,9,15,2,2,-3,0,-1,0.144,7,-5,0,0,0.165,3,-2,0,0,0.098,1,-2,0,0,0.038
1,4,NYR,NJD,2006,1,0,-0.21,0.17,-0.38,-1.1,-1.8,-0.4,-1.8,-0.7,0.5,-1.2,2,0.229,-0.114,-0.197,10,-5,-3,-6,0,7,-1,-0.006,0.075,-246,0.06,-1.58,1.65,-1,-132,0,0,3,-1,-5,9,-11,0,-2,0,0,-1,0.015,2,-2,0,1,0.033,1,1,0,0,0.023,2,5,0,0,0.02
1,3,NJD,CAR,2006,11,7,0.65,0.41,0.24,0.1,-0.1,-1,2.8,1.9,1.2,0.7,2.2,0.088,0.031,0.055,3,3,0,-3,1,-3,-5,0.182,0.001,177,1.08,1.1,-0.03,4,92,-7,0,2,0,6,17,21,8,-6,-1,0,-1,0.031,0,0,0,-2,0.053,4,-1,0,2,0.096,0,-4,0,2,0.014
0,-2,EDM,SJS,2006,4,6,0.19,-0.08,0.27,0.1,-3.4,-1.1,-4,0.5,1.1,-0.6,-5,-0.012,0.021,0.136,-1,-5,9,2,-5,2,0,-0.025,0.095,-146,0.07,-1.01,1.07,-4,-84,-4,0,2,3,3,-15,10,-8,4,0,0,-3,0.137,8,0,0,-1,0.066,0,-5,0,2,0.033,-4,-4,0,0,-0.073
1,4,COL,ANA,2006,3,0,-0.35,-0.35,0,-0.7,-1.1,-0.9,-1.7,1.5,0.1,1.4,2.7,-0.066,0.133,0.027,-3,7,-4,-1,1,-3,-11,0.051,0.022,281,0.56,1.2,-0.64,-6,94,3,1,5,3,-13,-3,-8,-11,1,0,0,-2,0.052,1,1,0,2,-0.071,3,-4,0,4,0.093,1,-4,0,-1,0.056
1,2,PHI,BUF,2006,9,7,0.16,-0.24,0.4,3.2,7.5,0.9,5.6,-0.5,1.6,-2.1,0.2,0.005,0.246,0.102,-1,6,2,4,-3,-3,-1,0.104,0.071,-37,0.57,-0.12,0.7,3,-9,-5,0,2,-2,-3,11,-4,1,-2,-5,0,1,0.108,3,-3,0,-2,0.123,-2,1,0,-3,-0.025,5,4,0,-1,0.114
0,-2,EDM,DET,2006,29,23,0.63,-0.44,1.07,4,1.4,2.9,-0.2,4.3,1.1,3.2,-0.5,0.088,0.226,0.342,-2,1,18,-3,-6,-3,7,-0.03,0.419,-87,-0.46,-0.31,-0.14,-4,-12,-21,0,4,1,26,-16,15,-13,11,0,0,0,0.098,17,-2,0,0,0.11,3,-6,0,-6,0.297,-6,-9,0,-3,-0.073
0,-3,COL,DAL,2006,17,1,-0.32,-0.41,0.09,-1.1,-0.9,0,-1.3,-1.5,-3.9,2.4,2.2,0.141,0.38,-0.095,8,6,-4,-1,-7,1,-6,0.088,0.2,318,0.47,0.95,-0.47,-7,61,14,0,10,4,-32,-15,12,2,3,-4,0,-4,0.221,1,4,0,0,-0.093,8,-1,0,1,0.206,10,-5,0,-1,0.313
0,-1,ANA,CGY,2006,5,5,-0.43,-0.36,-0.07,0.1,0.8,1.3,0.5,-3.5,-2,-1.5,-0.4,0.112,0.07,-0.117,8,-4,-1,0,-5,3,12,-0.044,0.052,23,0.07,0.15,-0.07,2,7,5,0,0,-2,-17,-26,-10,9,0,3,0,0,-0.059,2,1,0,-2,0.03,0,-4,0,-3,0.124,1,-2,0,1,0.044
0,-3,SJS,NSH,2006,7,6,-0.14,-0.14,0,0.2,3.9,-0.2,3.7,-1.3,5.9,-7.2,5.4,0.153,-0.021,-0.016,4,5,-4,-5,5,-2,7,-0.176,0.296,475,0.84,2.23,-1.38,1,164,7,0,10,1,16,-2,-13,9,4,2,0,4,-0.127,1,-1,0,3,-0.049,4,0,0,-7,0.232,4,3,0,-2,0.1
0,-3,EDM,ANA,2006,3,9,0.02,-0.24,0.26,0,-0.6,-1.7,-1.9,1.7,4.1,-2.4,-2.6,-0.079,0.053,0.196,-6,4,4,1,1,-3,-2,-0.091,0.148,255,0.49,0.92,-0.43,-4,54,13,1,5,3,20,-6,-3,-18,6,2,0,1,-0.008,10,0,0,2,-0.002,1,-2,0,-1,0.061,-6,-2,0,-2,-0.143
1,1,CGY,TBL,2004,12,3,0.55,0.19,0.36,1.1,0.2,0.4,2.4,2.6,-0.1,2.7,-0.7,-0.025,0.138,0.125,-2,1,5,-3,-3,-2,9,-0.027,0.058,-443,-1.19,-1.76,0.57,-4,-100,-33,-2,-3,-2,23,-11,-1,10,7,2,2,2,-0.158,5,0,-1,1,0.024,-6,-5,-2,1,-0.103,0,-7,3,0,0.026
1,1,PHI,TBL,2004,5,4,0.2,0.07,0.13,-4.5,1.6,-4.8,5,0.6,-0.1,0.7,-0.3,0.063,0,0.027,6,-2,2,2,-1,0,6,0.044,0.059,-372,-0.19,-1.33,1.14,6,-97,-6,0,-6,-10,9,2,-7,-1,4,2,-1,0,0.001,-1,3,-1,1,-0.075,-2,-2,-5,1,0.006,2,-5,-1,-2,0.105
0,-2,CGY,SJS,2004,10,1,0.23,0.08,0.15,1.5,0.6,-0.6,0.2,0.6,3.4,-2.8,-2.2,0.006,0.138,0.067,-1,1,1,-4,-3,-2,4,-0.04,0.034,-337,-1.19,-1.25,0.06,-12,-49,-33,-1,-2,-2,21,-21,-11,17,5,1,7,2,-0.258,7,-2,1,0,0.054,-9,-3,-1,1,-0.303,-4,-7,4,2,-0.148
1,4,MTL,TBL,2004,13,6,0.45,0,0.45,-1,2.4,-0.4,6.2,2.3,-3.2,5.5,-1.7,0,0.2,0.096,0,3,2,-2,-3,-3,-1,0.013,0.149,-54,0.19,-0.49,0.68,9,-56,6,-1,0,2,23,8,4,-11,7,-1,0,1,0.053,2,0,1,1,-0.04,2,-4,-1,1,0.149,1,-9,1,0,0.074
1,2,TOR,PHI,2004,-2,-3,-0.16,-0.22,0.06,0.6,-0.1,1.8,-0.2,1.9,-0.9,2.8,-1.8,-0.093,-0.047,0.027,-4,2,-3,-2,2,-3,1,-0.108,-0.017,-95,-0.89,-0.71,-0.18,1,-51,-15,-1,2,7,-1,-10,3,-21,0,-1,0,1,0,0,-1,-1,0,0.049,2,-2,2,1,0.061,-1,1,-1,1,-0.034
0,-2,CGY,DET,2004,15,2,0.67,0.15,0.52,5,2.1,3.9,3.6,2.9,0.7,2.2,1.8,0.104,0.185,0.103,-2,1,7,-5,-4,0,6,0.08,-0.003,-462,-1.74,-1.61,-0.13,-10,-66,-48,-1,-3,-3,8,-12,18,16,4,5,1,1,-0.202,10,-1,2,0,0.023,-6,-3,3,0,-0.18,-2,-7,5,0,-0.061
1,2,COL,SJS,2004,4,8,-0.21,-0.18,-0.03,-3.8,1.5,-2.5,2.4,-1.4,0.5,-1.9,-1.5,0.094,0.056,-0.058,4,-1,0,-1,-2,2,-2,0.071,0.008,-202,-0.57,-0.79,0.21,-5,-46,-10,1,-2,-4,14,-8,-23,1,4,0,4,-3,0.017,6,0,-1,-1,0.072,-8,0,-2,2,-0.324,-5,0,-1,1,-0.185
1,3,NYI,TBL,2004,15,6,0.1,-0.22,0.32,-0.5,-0.6,-0.2,1.7,1.5,-2,3.5,0.7,0.243,0,0.024,10,-2,0,-5,-1,-1,11,-0.012,0.119,-183,0.07,-1.04,1.11,9,-93,-1,0,0,-1,21,-9,-14,-19,6,0,-3,1,0.094,6,3,-4,2,0.003,-1,-8,-1,1,0.059,1,-10,0,1,0.077
0,-1,MTL,BOS,2004,11,-3,0.01,-0.05,0.06,-1.2,1.1,-3.7,1.6,2.8,-0.8,3.6,0.4,0.048,0.148,0.04,4,1,-5,-3,-3,-5,-17,-0.079,0.212,169,-0.01,0.42,-0.44,3,14,21,1,0,2,0,25,2,-19,-4,-4,0,0,0.101,-6,-3,4,2,-0.108,10,2,3,0,0.257,6,-5,1,1,0.173
1,3,NJD,PHI,2004,1,2,0.19,0.27,-0.08,4.3,-2,5.1,-3.1,-0.3,1.1,-1.4,1.1,-0.1,0.2,-0.08,-6,5,-2,-4,-2,2,-4,-0.135,0.14,463,0.7,1.63,-0.93,4,100,15,-1,6,13,15,4,-3,12,0,-1,0,2,-0.028,1,-1,-2,0,0.075,0,-2,2,-1,0.011,1,3,2,2,0.021
1,1,OTT,TOR,2004,1,1,-0.25,0.19,-0.44,-1.5,-0.2,-1.4,0.2,-2,1.5,-3.5,5,0.247,0.176,-0.205,7,3,-8,-3,-2,6,-2,0.077,-0.018,182,0.2,0.8,-0.6,0,51,14,0,3,-2,-8,11,-18,17,-2,-2,1,-1,0.035,0,-3,2,-2,0.063,2,2,1,-3,0.089,3,7,2,0,0.103
1,2,NSH,DET,2004,18,10,0.48,-0.35,0.83,3.2,5,3.5,5.7,3.1,-2.3,5.4,3.6,0.071,0.103,0.27,0,-1,11,-1,-3,-4,6,0.177,-0.003,-394,-2.46,-1.4,-1.06,-3,-64,-48,0,-1,-1,7,-7,21,-1,4,4,-5,0,0.06,9,0,1,-2,0.063,-2,-8,3,1,-0.032,-3,-7,3,0,-0.08
1,3,STL,SJS,2004,13,12,0.34,-0.18,0.52,-1.3,0.7,-0.7,1.6,0.9,3.3,-2.4,-1.4,-0.092,0.217,0.234,-5,1,8,-2,-6,-1,3,0.048,0.026,-183,-0.26,-0.86,0.61,-5,-54,-13,1,-4,3,14,-6,4,-2,2,-3,5,2,-0.073,7,-2,0,1,0.054,-2,-1,-4,1,-0.076,-3,-5,3,3,-0.125
0,-1,CGY,VAN,2004,7,-7,0.43,0.22,0.21,-0.1,1.3,-1.8,-0.5,1.6,1.1,0.5,0.5,-0.074,0.054,0.197,-1,-2,4,2,-3,-5,7,-0.061,0.036,-154,-0.41,-0.39,-0.02,-7,10,-28,1,0,-3,13,-9,5,18,-1,5,4,3,-0.358,-1,-2,-1,1,0.049,-4,-6,2,-1,-0.037,3,-7,7,1,0.078
1,3,DAL,COL,2004,3,-6,0.51,0.28,0.23,4.5,-2.1,4,-1.8,2.6,5.2,-2.6,-1.4,-0.125,-0.089,0.187,0,-3,2,1,1,-6,6,-0.136,0.075,150,0.53,0.7,-0.16,4,56,-4,0,0,5,14,14,20,-10,-3,0,1,5,-0.18,1,1,-1,1,-0.018,5,0,-1,0,0.18,0,-7,4,2,0.006
1,1,ANA,NJD,2003,13,4,0.15,-0.33,0.48,-4.2,0.5,-4.1,0.7,4.3,-5.4,9.7,-4.5,0,0.199,0.25,0,5,1,0,-1,-6,6,0.041,0.053,-387,-0.65,-1.52,0.87,4,-105,-11,1,-6,-8,-8,-1,8,-6,5,-3,1,-1,0.129,7,-3,3,-2,0.081,0,0,-1,1,0,1,-6,0,0,0.078
0,-1,NJD,OTT,2003,5,7,0.58,0.2,0.38,9.3,-3,8.6,-4.4,-1.9,1.2,-3.1,-3.6,-0.044,0.277,-0.05,-8,5,9,2,-5,4,3,0.017,0.131,-65,-0.38,-0.79,0.41,-6,-69,3,-1,7,1,17,-10,7,15,7,1,0,-1,0.036,3,2,-3,-1,0.054,1,-7,-1,-2,0.212,-3,3,-2,-1,-0.107
0,-4,ANA,MIN,2003,0,0,-0.07,-0.18,0.11,-1.9,-1.4,-1.9,-0.8,-2,-0.5,-1.5,-8.4,-0.047,0.254,0.038,-3,6,-1,6,-2,-2,-6,0.194,-0.061,-137,0.38,-0.77,1.15,2,-68,7,1,2,-7,-5,12,-7,0,3,-4,-1,-2,0.263,4,-3,-1,-3,0.203,0,8,0,-2,-0.045,-1,4,3,-1,-0.054
0,-2,ANA,DAL,2003,16,7,0.51,-0.29,0.8,2.9,-1.8,2.4,-1.6,2.7,-3.7,6.4,-5,-0.059,0.258,0.32,-14,11,9,-5,1,-6,2,0.038,0.095,-146,0.36,-0.33,0.69,4,-17,-4,1,-3,-8,4,-3,8,-5,10,-1,1,-2,0.132,11,-2,2,-3,0.116,3,-4,1,0,0.131,3,-11,3,1,0.148
0,-1,MIN,VAN,2003,9,6,0.81,0.37,0.44,6.5,-1.9,5.5,-1.8,3.7,-1.9,5.6,3,0.032,0.103,0.064,-6,4,5,-6,-1,1,7,-0.256,0.248,23,-0.27,0.05,-0.33,2,7,-9,1,0,4,25,-6,36,19,4,4,3,1,-0.22,5,1,5,0,-0.135,1,-8,-1,0,0.114,0,-7,-2,1,0.036
1,3,TBL,NJD,2003,15,4,-0.04,-0.54,0.5,-6,5.3,-6,6,2.5,-4.4,6.9,0.5,0.175,-0.209,0.3,13,-3,0,0,4,-9,8,0.108,0.067,-205,-1.47,-0.98,-0.49,7,-87,5,1,-7,-1,-3,-11,3,-21,6,-2,1,-1,0.113,9,-2,1,-2,0.119,2,-3,-4,1,0.106,1,-4,-5,-1,0.098
1,2,PHI,OTT,2003,6,6,0.64,0.2,0.44,6.9,-0.3,7.3,-1.5,-1.1,0.2,-1.3,-5.1,-0.096,0.19,0.107,-2,6,3,6,-2,-3,12,-0.019,0.112,-187,-0.57,-1.03,0.46,-7,-79,11,0,-2,-5,19,-9,6,9,11,1,1,0,-0.007,6,2,-1,-1,0.018,-2,-6,-2,1,0.081,1,3,-6,0,0.056
1,3,NYI,OTT,2003,30,15,0.48,-0.6,1.08,6.1,1.4,5.4,-0.3,0.2,-3.5,3.7,-4,0.047,0.359,0.266,5,6,6,3,-7,-9,14,0.157,0.173,-251,-0.3,-1.46,1.15,-6,-107,-11,0,5,-2,3,-44,4,8,13,-2,-2,0,0.203,8,1,-3,0,0.076,0,-16,-3,-1,0.253,-2,-7,-4,-1,0
1,3,BOS,NJD,2003,21,8,-0.36,-0.87,0.51,-6.3,5.2,-4.2,5.2,-0.4,-4.7,4.3,1.1,0,0.356,0.233,8,7,-5,3,-4,-10,8,0.033,0.139,-265,-0.32,-0.9,0.58,4,-54,-15,1,-9,-1,-13,-19,-15,-36,5,-3,1,1,0.071,7,-2,2,1,0.007,-1,-4,-3,1,0.017,4,-10,-3,-1,0.191
1,2,WSH,TBL,2003,1,1,-0.06,-0.12,0.06,0.7,1.3,0.6,1.2,2.1,-1.9,4,1,-0.131,0.336,-0.02,-9,7,-1,0,-4,0,-3,-0.051,0.004,81,1.06,0.59,0.47,-5,63,-13,0,6,-3,-6,3,-11,6,-4,0,-1,1,-0.042,-3,1,1,1,-0.091,-3,-1,2,1,-0.103,0,-5,5,1,-0.004
1,1,TOR,PHI,2003,9,2,-0.31,-0.52,0.21,-3.3,-1.7,-3.7,-1.8,4.6,-4.9,9.5,1.5,0.067,0.043,0.083,-3,0,4,-6,-1,-1,-12,0.097,0.017,-10,-1.05,-0.18,-0.87,5,-15,-14,0,3,5,-9,5,9,-18,-1,-4,-3,-1,0.219,2,-1,0,0,0.034,3,0,2,0,0.07,-7,-5,4,-1,-0.194
1,2,EDM,DAL,2003,19,12,0.17,-0.74,0.91,4.5,3,4.7,1.9,2.1,-2.1,4.2,-0.9,0.042,0.07,0.392,-9,10,9,-5,5,-9,1,0.1,0.139,165,-0.03,1.08,-1.11,0,80,13,0,-3,-3,6,-8,1,-31,8,-1,-1,-1,0.134,17,-1,-1,-3,0.214,2,-7,2,-3,0.141,6,-10,1,-2,0.253
0,-4,ANA,DET,2003,15,7,0.8,0.13,0.67,7.7,-2,7.9,-1.5,2.4,-0.2,2.6,-3,0.006,0.376,0.129,-6,6,8,-2,-5,0,9,0.019,0.119,-82,-0.17,-0.4,0.23,-4,-22,-8,0,6,-5,17,5,23,4,10,-1,-1,0,0.132,12,-2,2,-1,0.079,-1,-2,-1,-1,0.005,-3,-6,0,-1,-0.067
0,-1,MIN,COL,2003,10,1,0.65,0.2,0.45,4.5,-3.5,4.3,-5.2,3.7,-0.2,3.9,1.1,-0.085,0.008,0.201,-7,2,5,-8,1,-3,13,-0.249,0.125,117,-0.52,0.28,-0.8,-1,12,5,0,2,5,22,-15,28,9,4,5,4,3,-0.297,1,2,5,2,-0.212,-3,-10,2,0,-0.061,0,-10,-2,1,0.056
1,1,STL,VAN,2003,5,5,0.13,-0.17,0.3,0.2,2.3,-0.4,2.6,1,1.6,-0.6,0.8,-0.025,0.214,0.066,0,6,-2,6,-3,-4,7,0.077,0.009,376,1.11,1.24,-0.15,4,69,18,2,6,6,19,-16,16,8,11,2,1,-3,0.126,10,-1,4,-3,0.052,-7,-1,1,-1,-0.162,-2,-2,-1,-1,-0.034
1,3,CAR,DET,2002,25,12,0.41,-0.37,0.78,4.2,2.3,5.1,3.7,2.4,-0.7,3.1,-4.7,0.151,0.095,0.236,4,8,4,-4,1,-6,5,0.129,0.228,31,-0.52,0.11,-0.63,-1,14,-11,0,5,1,-3,-17,25,-7,6,-4,-2,1,0.181,15,0,0,0,0.056,1,-10,-1,0,0.161,1,-5,-1,-1,0.075
1,2,TOR,CAR,2002,-9,-11,-0.39,0.13,-0.52,0.6,-0.8,-0.5,-2.3,0.1,2.1,-2,4.3,-0.07,0.167,-0.189,-1,0,-7,2,-4,3,-3,-0.072,-0.098,-190,0.16,-0.39,0.54,0,0,-20,0,-7,-2,-9,10,-22,-2,-7,2,1,0,-0.141,-11,-3,0,1,0,-1,5,2,1,-0.111,0,-1,3,1,-0.015
1,1,COL,DET,2002,17,0,0.47,0.22,0.25,2.3,-1,2.4,-0.6,3.5,-0.2,3.7,0,0,0.262,0.032,4,2,0,-1,-9,-1,8,0.028,0.063,46,0.17,0.31,-0.14,0,38,-14,0,3,1,6,0,19,10,4,-2,0,3,0.007,3,0,1,2,-0.069,-3,-5,0,1,-0.017,0,-8,1,1,0.041
1,2,MTL,CAR,2002,4,-5,0.13,0.1,0.03,1.1,-2.6,-0.3,-3.9,3.1,-4.7,7.8,3.3,0.016,0.042,0.069,4,-7,2,1,-5,-1,-4,-0.012,0.028,48,1.14,0.62,0.52,-6,70,-4,-1,-4,-1,11,11,-7,7,-2,0,2,2,-0.118,-4,-4,-1,1,0.081,0,0,2,-1,-0.007,2,-1,3,0,0.056
1,1,OTT,TOR,2002,6,4,0.08,-0.02,0.1,-1.1,0.1,-1.3,-0.8,-1.6,-1,-0.6,1.7,0.163,-0.088,0.011,6,-2,-3,-4,1,-2,-3,0.001,0.056,-130,-0.46,-0.84,0.39,-8,-62,0,0,2,-1,7,3,15,1,2,2,2,0,-0.088,3,2,1,0,-0.063,4,-4,2,-1,0.175,2,-2,0,0,0.074
1,3,STL,DET,2002,18,4,0.29,-0.01,0.3,2.9,0.8,2.9,2.1,2,3.8,-1.8,1.5,0.183,0.151,0.034,5,5,-2,-6,-2,-2,8,0.002,0.131,-290,-0.6,-1.08,0.48,-8,-47,-30,0,2,-5,7,-1,2,-3,4,-2,0,2,0.036,7,-1,-2,1,0.069,-1,-6,1,-1,0.06,3,-5,3,-1,0.125
1,1,SJS,COL,2002,0,-1,-0.43,-0.37,-0.06,2.3,1.2,1.9,-0.6,0.3,-2,2.3,2.4,0.143,-0.02,-0.032,5,1,-5,0,2,-1,-8,-0.028,0.131,-242,-0.7,-1.19,0.49,1,-87,-10,0,0,-2,-9,-1,-13,-20,-5,2,-1,0,-0.068,1,-2,-3,0,0.125,3,1,2,-2,0.067,3,4,1,-1,0.08
0,-2,MTL,BOS,2002,14,0,0.36,-0.1,0.46,-1.2,0.8,-1.6,2.3,6.2,-6.6,12.8,-4.8,0.013,0.022,0.191,8,-4,3,1,-3,-5,3,0.086,0.049,480,0.47,1.53,-1.06,-6,76,46,1,4,6,18,2,9,-5,6,-2,-2,2,0.102,4,1,-1,1,0.004,-1,-6,-1,0,0.036,1,-3,-2,1,0.053
0,-3,OTT,PHI,2002,3,3,-0.11,-0.2,0.09,-3.6,2,-5.4,1.1,-0.3,0.2,-0.5,-0.2,0.077,-0.133,0.136,2,0,-2,-2,5,-6,0,-0.064,0.085,-100,-0.9,-1.16,0.25,-6,-109,14,0,4,2,-4,-4,11,-11,-1,4,1,-1,-0.115,-1,2,5,0,-0.165,3,-5,2,0,0.143,0,-2,1,0,0.003
1,2,NJD,CAR,2002,-4,-6,0.15,0.37,-0.22,-0.8,-0.1,-0.5,0.4,-1.2,3.8,-5,6.6,-0.043,0.167,-0.214,-3,-5,2,-1,-9,8,-1,-0.104,-0.031,12,1.44,0.63,0.81,-3,79,-14,-1,-3,-3,7,15,-8,5,-1,3,3,0,-0.164,-2,-2,-1,0,0.072,-1,5,1,0,-0.085,-1,-2,2,0,-0.028
1,1,NYI,TOR,2002,4,4,0.13,-0.16,0.29,-0.8,-1.3,0.3,-3.2,0.2,-3,3.2,0.1,0.045,-0.088,0.067,-3,-2,6,-5,1,1,-5,0.049,0.009,-43,-0.27,-0.5,0.24,-1,-53,11,0,0,1,-1,-10,18,9,1,-2,2,0,0.008,3,3,-2,0,-0.011,0,1,-1,-1,0.014,0,0,-1,1,0
1,2,VAN,DET,2002,22,3,-0.04,-0.29,0.25,1.7,0.8,2.3,2.6,2.6,0.9,1.7,0.7,0.238,0.295,0.047,8,9,-5,-3,-3,-4,1,0.117,0.175,-294,-0.54,-0.44,-0.1,-3,21,-40,0,-9,-4,-20,-2,9,-20,-4,-4,1,1,0.017,2,-3,1,1,0.027,3,-5,2,0,0.157,3,-8,1,0,0.137
1,1,LAK,COL,2002,4,4,-0.02,-0.26,0.24,-2.7,0.4,-3,1.2,1.8,1.5,0.3,0.2,0.167,-0.071,0.015,0,2,3,-5,5,1,-4,0.068,0.084,-341,-0.65,-1.18,0.53,-3,-60,-29,0,-2,-5,0,-1,6,-7,-1,2,-1,-2,0.019,8,-1,0,-1,0.074,2,-2,0,-1,0.089,1,2,-1,-1,0.029
1,3,PHX,SJS,2002,4,6,0.24,-0.13,0.37,0.1,2.6,0.3,4.4,0.6,-0.1,0.7,0.8,-0.018,-0.112,0.214,-2,1,5,2,5,-7,1,0.072,0.008,95,0.45,0.46,0,-4,34,5,0,1,0,-8,-17,17,12,3,-2,0,-2,0.128,5,0,2,-2,0.022,3,-3,-1,0,0.144,-2,-6,1,0,-0.046
1,3,CHI,STL,2002,2,-1,0.14,-0.23,0.37,-0.5,3.7,-1.7,3.8,1.3,-2.8,4.1,1.9,-0.183,-0.008,0.236,-5,-2,9,3,-1,-2,-2,0.062,0.008,109,1.14,0.94,0.2,8,79,-7,0,-5,2,-7,-12,18,-5,-2,1,0,1,-0.077,-2,1,0,1,-0.056,4,-2,0,2,0.126,-1,-4,-2,2,-0.02
1,1,NJD,COL,2001,7,3,-0.31,-0.04,-0.27,-0.9,-1.9,-2,-1.5,-2.4,0.4,-2.8,1.9,0.187,0.05,-0.138,0,8,-4,-8,1,4,0,0.046,0.053,-97,0.29,-0.16,0.45,-1,0,-7,-1,3,-8,-7,-8,-12,-2,1,0,1,0,-0.021,5,0,3,1,-0.07,-1,0,1,1,-0.058,-2,-2,-2,-1,-0.049
1,3,PIT,NJD,2001,15,4,0.17,-0.74,0.91,2.6,4,3.7,5,2.4,-4.5,6.9,2.7,0.063,0.03,0.245,2,-6,10,-1,-3,-5,8,0.06,0.03,-350,-1.46,-1.62,0.15,3,-113,-18,0,-4,0,17,-6,13,-36,4,-3,1,-1,0.106,9,0,1,-1,0.024,-1,-6,-3,0,0.088,0,-11,0,0,0.056
1,3,STL,COL,2001,15,9,0.25,-0.04,0.29,3.3,-2.6,2.1,-3.2,-1.2,1.5,-2.7,-0.6,0.076,0.371,-0.016,-1,14,-4,-2,-3,-1,3,-0.007,0.206,-207,-0.73,-0.98,0.24,1,-67,-17,0,3,-2,16,4,7,-6,4,1,0,0,-0.003,7,1,1,-1,0.005,2,-1,0,1,0.06,-2,-8,-1,-1,-0.018
1,1,TOR,NJD,2001,21,9,0.77,-0.14,0.91,6.8,-0.3,7.5,2,3.8,-2.7,6.5,-3.4,0.016,0.25,0.219,-1,2,10,0,-6,-4,5,0.06,0.165,-195,-0.71,-0.9,0.19,6,-76,3,1,-15,7,27,6,24,-1,4,-2,-2,-1,0.151,8,-1,0,-2,0.103,2,-8,0,0,0.15,-1,-9,1,1,0.013
0,-1,PIT,BUF,2001,2,3,-0.77,-0.88,0.11,-4.2,7.3,-2.5,7.3,-2.3,-2.4,0.1,3.3,0.135,-0.08,0.026,6,-2,0,1,2,-1,14,0.093,-0.141,-336,-0.84,-1.52,0.67,-2,-96,-32,-1,6,-3,-10,-30,-20,-31,3,-3,1,-2,0.129,10,0,0,-1,0.05,-8,-2,-6,0,-0.185,-2,-2,-2,-1,-0.044
1,1,LAK,COL,2001,26,11,0.22,-0.44,0.66,2.6,1.6,1.3,1.2,1.3,-1.2,2.5,0.6,0.189,0.217,0.102,1,13,0,-7,0,-5,-4,0.148,0.239,-58,-0.08,-0.44,0.36,-1,-38,0,0,3,-1,3,6,2,-24,4,0,-5,1,0.121,9,1,2,-1,-0.01,4,-2,4,1,0.098,1,-11,0,0,0.087
0,-4,STL,DAL,2001,3,5,-0.1,-0.1,0,0.9,0.8,0.8,-1,-4.8,1.3,-6.1,-0.7,0.042,0.214,-0.039,6,3,-4,5,-3,0,4,0.02,0.056,-304,-0.8,-1.03,0.22,-2,-55,-24,0,-5,-2,0,3,-6,4,1,-1,2,-1,0.007,2,-1,-2,-1,0.1,-1,4,-5,-1,-0.01,-3,2,-2,-1,-0.101
1,2,CAR,NJD,2001,23,11,1.01,-0.36,1.37,4,-2.5,6.3,-1.4,4.6,-2.2,6.8,-5.5,-0.12,0.171,0.453,-6,1,15,1,-4,-10,4,0.102,0.111,152,-0.56,0.07,-0.63,4,-28,22,1,1,7,33,8,30,-28,8,-1,-1,-1,0.147,11,2,-1,-1,0.032,0,-6,1,0,0.07,1,-11,3,2,0.067
0,-4,TOR,OTT,2001,19,11,0.51,-0.02,0.53,2.5,1.4,3.8,3.7,2.4,-0.1,2.5,-4.2,0.129,0.15,0.122,3,3,5,-3,-3,-2,11,0.053,0.119,-368,-0.24,-0.99,0.75,2,-51,-16,0,-18,-1,25,-12,11,15,6,-2,2,0,0.049,9,-1,3,-1,0.019,-2,-7,-2,0,0.037,-4,-8,-1,-1,-0.102
0,-2,PIT,WSH,2001,0,0,-0.59,-0.55,-0.04,1,3.4,2,3.2,-0.6,-1.5,0.9,8.5,0.239,-0.32,0.017,11,-10,-2,-4,5,-2,3,0.102,-0.135,-444,-1.39,-1.31,-0.09,-1,-51,-44,0,-6,-6,-15,-9,10,-25,1,-4,3,-2,0.088,1,-1,4,-1,-0.053,-1,2,-3,1,-0.022,0,-4,0,0,0.015
0,-2,BUF,PHI,2001,2,-4,0.27,0.28,-0.01,-0.4,-5.5,-1.7,-3.8,3,-0.7,3.7,0.3,-0.014,-0.052,0.07,-2,-6,5,-3,-2,0,0,-0.1,0.063,-66,0.03,-0.12,0.16,0,-18,30,0,-12,-6,7,22,7,2,-5,1,3,2,-0.195,-5,0,2,3,-0.131,3,2,2,-1,0.099,2,-3,2,-1,0.074
1,4,VAN,COL,2001,28,15,0.38,-0.56,0.94,4.9,1.9,4.6,2,-0.5,-0.8,0.3,4.4,0.1,0.492,0.154,-5,16,5,-4,-4,-4,-1,0.173,0.231,-199,0.34,-1.1,1.44,2,-104,17,-2,-6,0,15,-2,12,-28,5,-1,-2,0,0.108,14,1,-1,-1,0.086,3,-6,2,-2,0.148,-2,-10,-2,-2,0
0,-2,LAK,DET,2001,19,4,0.02,-0.32,0.34,2.7,4.5,2.6,3.5,4.4,0.8,3.6,3.7,0.171,0.101,0.118,13,6,-8,0,1,-9,-1,0.12,0.165,-114,-0.06,-0.18,0.12,1,7,-20,0,-2,-1,-3,10,-8,-6,-3,0,-5,0,0.103,1,-1,0,-2,0.08,3,-1,0,2,0.098,5,-7,0,2,0.193
1,2,EDM,DAL,2001,13,8,-0.02,-0.43,0.41,4.8,2.4,3.9,1,-0.6,-1.2,0.6,0.1,0.056,0.043,0.167,4,-3,8,1,-3,-2,6,0.108,0.045,-246,-0.89,-0.9,0.01,0,-58,-12,-2,-4,-1,1,2,1,-8,8,-2,1,-1,0.132,6,-1,-1,-1,0.093,0,-1,-3,0,0.046,-1,0,-5,1,-0.027
1,2,SJS,STL,2001,8,4,0.39,0.04,0.35,4.7,-0.8,5.3,1.2,2.8,-2.9,5.7,3.6,0.024,-0.196,0.164,-4,-4,11,-6,2,-1,3,0.122,-0.073,-19,-0.13,-0.43,0.31,3,-60,21,-3,3,-1,8,-7,19,-1,4,-1,0,0,0.061,11,1,2,2,-0.111,-4,-4,3,1,-0.112,-3,-5,0,2,-0.063
1,2,DAL,NJD,2000,1,2,0.49,0.24,0.25,4.4,-1.8,3.7,-1.8,7.5,-1,8.5,-3.3,0.116,-0.31,0.157,-1,-8,11,-5,6,0,-4,0.01,0.065,284,-0.24,0.66,-0.89,5,17,14,3,6,8,4,-2,29,21,0,-2,-1,0,0.064,8,-4,-1,-2,0.215,-2,3,-2,-2,-0.026,-4,-1,1,1,-0.126
0,-1,NJD,PHI,2000,2,-3,-0.17,-0.3,0.13,0.2,-0.8,1.4,-1.5,-2.7,-2,-0.7,2.4,-0.184,0.407,-0.05,-6,11,-5,6,-8,0,1,0.074,-0.098,-80,0.78,-0.05,0.83,-7,12,6,-3,-5,-4,-4,-10,-4,-13,6,-1,-1,-2,0.144,4,2,3,2,-0.126,-4,-4,2,2,-0.103,-1,0,-3,-1,-0.01
1,1,COL,DAL,2000,6,3,-0.27,-0.21,-0.06,-3.8,4.8,-4.1,6.8,-1.1,-1.2,0.1,1.1,0.017,0.006,-0.004,4,-1,-2,-3,-1,-1,3,-0.062,0.088,-89,0.46,-0.33,0.78,-3,-9,-17,0,3,-1,0,7,-18,-16,0,0,3,2,-0.114,-8,2,1,3,-0.19,5,0,-1,1,0.113,3,-1,1,-1,0.094
1,2,PIT,PHI,2000,17,5,-0.05,-0.7,0.65,4.7,4.1,5.8,4.2,4.3,-5.1,9.4,3.7,0.101,0.13,0.185,0,6,2,-3,-1,-5,2,0.105,0.072,12,0.27,0.13,0.14,-3,9,14,0,-3,-4,-7,-21,5,-15,7,-3,1,-2,0.154,6,-1,4,3,-0.092,-1,-6,0,2,0.018,-1,-8,-2,-1,0.025
0,-2,NJD,TOR,2000,-3,-4,-0.06,0.23,-0.29,-2.3,-5.1,-0.6,-4.6,-6.7,3.5,-10.2,1.5,0.02,0.207,-0.229,2,6,-8,2,-3,4,-3,0.14,-0.134,-210,0.03,-0.4,0.43,-5,-5,-6,-3,-7,-6,-1,7,-1,-1,5,0,-4,-1,0.167,4,1,-1,0,0.013,-8,2,4,1,-0.292,-1,4,-1,1,-0.053
1,3,SJS,DAL,2000,15,9,-0.17,-0.37,0.2,-0.8,5.7,-2.3,4.3,-1.8,-2.1,0.3,3.3,0.104,0.23,0.06,5,8,-5,-1,-1,-5,11,-0.02,0.144,-263,-0.74,-1.09,0.34,3,-82,-5,-1,2,-9,9,-10,-15,-12,2,1,4,0,-0.095,-6,2,3,2,-0.208,9,-9,-1,-2,0.312,6,-4,0,-2,0.215
1,3,DET,COL,2000,-12,-7,-0.55,-0.11,-0.44,-0.9,-1.4,-1.4,-5.3,-5.3,1.3,-6.6,-1.9,0,-0.115,-0.073,4,-3,-7,4,3,-1,-3,0.001,-0.149,104,-0.42,0.29,-0.7,-1,-2,32,-1,-5,1,-18,-6,-19,4,-7,-3,-2,0,0.05,-11,-2,1,0,-0.015,0,3,1,-1,-0.044,4,5,-1,-1,0.139
1,3,BUF,PHI,2000,20,9,0.29,-0.31,0.6,9.8,1.7,10.5,1.6,3.2,-3.3,6.5,3.8,0.037,0.209,0.23,-1,9,2,-2,-1,-7,0,0.087,0.167,60,0.36,-0.13,0.49,-1,-34,24,0,0,1,10,-2,10,-22,7,0,-1,-2,0.13,6,1,2,3,-0.092,6,-8,3,1,0.256,2,-8,-2,0,0.114
0,-3,PIT,WSH,2000,14,5,-0.17,-0.51,0.34,-0.6,3.6,1.5,4.2,1.6,-1,2.6,5.3,0.187,0.2,0.006,7,1,-1,-1,-5,-1,-1,0.13,0.044,-227,-1.07,-0.29,-0.78,0,9,-15,0,-9,-8,-7,-13,-3,-1,0,-1,2,-2,0.024,-2,-2,1,0,0.019,0,-3,-2,0,0.062,-1,-7,3,-1,-0.01
1,2,OTT,TOR,2000,5,-1,0.02,0.15,-0.13,1,-5.2,2,-3.9,-5.1,3.9,-9,0.4,0.157,-0.046,-0.065,4,2,-2,-6,4,1,4,-0.027,0.075,253,0.33,0.89,-0.56,-1,50,19,0,6,0,1,4,4,3,5,-1,-2,0,0.117,7,1,-2,0,0.051,-2,1,1,0,-0.077,-3,0,-1,1,-0.087
1,4,FLA,NJD,2000,5,2,0.08,-0.07,0.15,2.9,2,2,4.3,6.3,-4,10.3,3.1,0.242,-0.287,0.12,7,-8,3,-5,5,-3,0,0.044,0,-16,-0.87,-0.19,-0.68,2,-10,-14,2,5,0,-2,-1,11,6,-6,-2,4,0,-0.094,-1,-1,1,0,-0.004,7,2,-2,-2,0.225,2,-5,1,1,0.083
0,-1,SJS,STL,2000,27,15,0.28,-0.6,0.88,1.3,4.2,1.6,3.7,2.4,-6.6,9,2.8,0.198,0.283,0.232,0,8,8,-3,-3,-5,2,0.118,0.25,-153,-0.43,-0.39,-0.04,8,-27,-7,-1,-2,-5,11,-19,2,-5,6,0,0,-1,0.075,7,-2,1,0,0.046,5,-10,-3,-4,0.308,3,-7,3,-2,0.129
1,3,EDM,DAL,2000,14,12,-0.19,-0.35,0.16,-0.1,3.9,-1.5,4.4,-2.6,-1.7,-0.9,1.5,0.22,0.012,-0.071,6,6,-1,-8,4,1,9,0.062,0.156,-315,-0.36,-1.22,0.85,-2,-83,-11,0,-3,-6,3,-12,-11,-16,7,0,4,1,-0.031,2,4,-2,2,-0.074,5,-3,-3,0,0.175,4,-2,-1,-4,0.157
1,3,PHX,COL,2000,6,2,0.01,-0.33,0.34,7.6,-1.5,7.5,-5.1,-0.3,-0.7,0.4,1.1,-0.05,0.119,0.171,-2,4,1,4,-2,-5,6,-0.001,0.02,178,0.14,0.65,-0.51,3,31,18,-1,4,-1,-2,-14,7,6,4,0,2,-3,0.07,6,-2,0,-2,0.13,2,-2,0,0,0.08,2,-2,-1,0,0.081
1,4,LAK,DET,2000,14,10,0.4,-0.22,0.62,3.5,3.6,5.1,7.3,2.5,-1.4,3.9,1.6,-0.006,0.192,0.149,-3,10,2,0,0,-5,11,0.041,0.114,-299,-0.62,-1.12,0.49,8,-65,-37,1,0,-1,13,-11,17,-1,6,4,3,-1,-0.086,12,3,0,-1,-0.007,0,-4,-1,0,0.068,-2,-7,1,0,-0.058
1,2,BUF,DAL,1999,23,14,0.36,-0.08,0.44,5.3,0.3,6.2,0.7,1.4,-6,7.4,5.2,0.342,0.056,0.041,12,-1,3,-7,-2,0,15,-0.054,0.253,-453,0.18,-1.31,1.49,-4,-70,-17,-1,-17,-4,22,-7,20,-14,6,-1,3,0,-0.022,10,1,2,0,-0.031,8,-11,-4,0,0.476,-4,-7,-3,0,-0.102
0,-3,BUF,TOR,1999,6,5,0.75,0.69,0.06,0.9,-5.9,1.2,-5.2,2.1,-1.2,3.3,2,0.275,-0.05,-0.138,8,-4,4,-6,-1,9,8,-0.135,0.26,-466,-0.23,-1.48,1.25,0,-98,-6,-1,-21,-2,18,6,31,15,-2,6,0,0,-0.185,9,0,-1,0,0.05,8,-5,-3,0,0.32,-1,2,-2,0,-0.028
1,1,COL,DAL,1999,16,6,-0.03,-0.45,0.42,-0.1,2.8,2.1,2.9,-0.4,-3.8,3.4,2.6,0.203,-0.067,0.186,7,-5,5,-5,0,-4,13,0.058,0.003,-511,-0.58,-1.68,1.1,-3,-80,-41,0,-13,-1,18,-11,8,-27,6,-2,3,0,0.01,11,0,4,0,-0.056,0,-8,-4,0,0.223,-4,-7,0,0,-0.12
1,2,PIT,TOR,1999,7,8,0.32,0.08,0.24,-3.5,-1.2,-1.3,-2.3,2.8,2.8,0,0.8,0.056,0.219,-0.111,4,1,2,0,-7,7,5,0.017,0.125,118,0.46,0.49,-0.03,2,17,22,0,-2,-1,7,5,22,-12,0,0,0,0,0,10,-4,-1,0,0.154,7,-3,-4,0,0.28,-2,0,-4,0,-0.034
0,-2,BUF,BOS,1999,0,3,0.09,0.08,0.01,4.2,3,3.6,2.5,1.4,-2.9,4.3,3.8,0.219,-0.474,0.066,4,-10,8,-6,7,1,0,-0.077,0.116,-379,-0.2,-1.59,1.39,-5,-112,-7,-1,-18,8,-1,-6,3,-7,-1,0,4,0,-0.126,-1,0,0,0,-0.004,7,1,-2,0,0.21,-2,-1,-3,0,-0.041
1,2,STL,DAL,1999,27,12,-0.01,-0.5,0.49,-1.5,-1.4,-1.1,-1.3,-2.5,1.2,-3.7,1,0.378,0.168,0.026,14,-2,2,-6,-7,0,10,0.082,0.182,-200,1.33,-0.75,2.08,1,-46,-14,-1,-1,-2,-8,-16,22,-20,3,-5,1,0,0.112,12,-1,-1,0,0.101,5,-10,-1,0,0.348,-4,-12,0,0,-0.093
1,2,DET,COL,1999,5,1,-0.08,0.04,-0.12,2.8,-3.6,1.2,-5.8,-4,0.8,-4.8,-2.6,-0.015,0.329,-0.182,3,5,-7,3,-10,3,-8,-0.011,0.117,417,0.38,1.27,-0.88,2,49,47,-1,12,-3,-18,13,-4,5,-5,-1,-3,0,0.065,-7,-1,-1,0,0.028,5,1,6,0,0.055,3,-2,0,0,0.105
0,-1,PIT,NJD,1999,15,13,0.07,-0.35,0.42,1.8,4,4,2.9,5.8,-1.3,7.1,0.8,0.018,0.184,0.133,3,5,1,1,-3,-4,7,0.092,0.058,378,-0.01,1.19,-1.2,0,49,40,0,10,-2,13,3,7,-30,6,-2,-1,0,0.126,10,-2,1,0,0.07,5,-4,-5,0,0.261,-3,-8,-5,0,-0.017
0,-4,BUF,OTT,1999,12,9,0.39,0.05,0.34,1.4,-0.1,0,0.3,4.3,-4.8,9.1,0.3,0.183,0.046,0,2,3,2,-6,0,1,9,-0.107,0.184,-669,-0.26,-2.02,1.76,-2,-105,-37,-1,-21,-5,11,5,10,-8,4,0,2,0,-0.034,4,1,-1,0,0.014,5,-1,-2,0,0.179,-4,-3,-2,0,-0.116
0,-2,BOS,CAR,1999,-5,-4,-0.05,0.25,-0.3,-6.7,-3.9,-5.8,-3.5,-1.5,2.2,-3.7,-2.2,-0.174,0.53,-0.257,-2,9,-12,6,-9,3,7,-0.088,-0.117,-24,0.16,0.38,-0.22,2,51,-12,0,1,-8,7,-2,-2,13,-3,3,-1,0,-0.084,-2,1,3,0,-0.113,-6,-9,2,0,-0.123,0,2,4,0,-0.023
1,2,PHI,TOR,1999,4,4,0.45,0.43,0.02,-2.4,-3.8,-2.2,-2.8,-1.6,5.9,-7.5,-5.4,0.17,-0.067,-0.071,6,-1,3,-3,1,6,0,0.086,0.114,20,-0.15,-0.18,0.02,2,-32,6,0,2,3,12,14,24,10,1,3,-6,0,0.074,8,-1,-6,0,0.181,2,0,1,0,0.036,1,4,-2,0,0.022
1,4,EDM,DAL,1999,36,18,0.08,-0.71,0.79,4.4,4.4,5.7,4.2,-1.6,-3.1,1.5,4.7,0.33,0.294,0.148,10,5,3,-9,-5,-4,17,0.011,0.26,-265,-0.98,-0.98,0.01,-2,-58,-17,0,-5,-1,20,-19,15,-27,12,-4,4,0,0.104,14,-2,3,0,0.044,7,-13,-2,0,0.441,-1,-15,-3,0,0.003
0,-2,COL,SJS,1999,18,12,0.52,0.17,0.35,5.6,-1.3,3.4,-1.5,1.9,0.8,1.1,3.2,0.08,0.344,-0.023,5,8,0,1,-7,1,-6,0.087,0.304,196,0.25,0.47,-0.22,2,-4,32,0,8,-4,3,10,27,2,1,-1,-4,0,0.141,4,-1,-2,0,0.107,8,-2,-1,0,0.253,4,-4,-4,0,0.148
1,4,ANA,DET,1999,10,7,0.37,-0.05,0.42,-5.9,2.8,-5.6,5.2,3.6,-4.7,8.3,4.2,0.171,-0.203,0.185,2,1,5,-6,9,-5,7,0.051,0.073,-121,0.22,-0.56,0.77,-2,-36,-13,1,-4,5,14,-8,14,10,5,0,-4,0,0.125,6,0,-5,0,0.135,2,-4,-3,0,0.148,0,2,-2,0,0
0,-1,STL,PHX,1999,3,1,-0.39,-0.15,-0.24,-8.3,-0.8,-8.4,-0.3,-0.9,4.6,-5.5,-3.1,0.164,0.129,-0.201,4,0,-2,-3,-5,7,-3,0,0.082,104,0.88,-0.14,1.02,3,-36,8,0,9,4,-27,-21,-2,1,-7,-1,1,0,-0.076,2,-1,2,0,-0.006,0,0,0,0,0,-2,-5,1,0,-0.041
